# Required | A unique ID for the service.,# Required | The URL for the main image of your service. You can add up to 20 images using additional fields (from image[0].url to image[19].url). See image specifications: facebook.com/business/help/686259348512056,# Required | The brand name of the item. Character limit: 100.,# Required | A short and relevant description of the service; including what it covers and who it is for. Character limit: 9999. See description specifications: facebook.com/business/help/2302017289821154,# Required | The name of the service offered. Character limit: 200. See title specifications: facebook.com/business/help/2104231189874655,# Required | The URL of the page where people can learn more about or book the service.,# Required | The number of users who have left ratings on the service.,# Required | The average user rating of the service. Enter a rating between 0.0 and 5.0; using a single decimal place.,# Optional | No description available,# Optional | No description available,# Optional | No description available,# Optional | No description available,# Optional | No description available,# Optional | No description available,# Optional | No description available,# Optional | No description available,# Optional | No description available,# Optional | No description available,# Optional | No description available,# Optional | No description available,# Optional | No description available,# Optional | No description available,# Optional | No description available,# Optional | No description available,# Optional | No description available,# Optional | Optional supplemental numerical data provided byadvertiser for the product,# Optional | Optional supplemental numerical data provided byadvertiser for the product,# Optional | Optional supplemental numerical data provided byadvertiser for the product,# Optional | Optional supplemental numerical data provided byadvertiser for the product,# Optional | Optional supplemental numerical data provided byadvertiser for the product,# Optional | The price of the item. Format the price as a number followed by the 3-letter currency code (ISO 4217 standards). Use a period (.) as the decimal point; don't use a comma.,# Optional | The discounted price of the item if it's on sale. Format the price as a number followed by the 3-letter currency code (ISO 4217 standards). Use a period (.) as the decimal point; don't use a comma. A sale price is required if you want to use an overlay for discounted prices.,# Optional | The time range for your sale period. Includes the date and time/time zone when your sale starts and ends. If this field is blank any items with a sale_price remain on sale until you remove the sale price. Use this format: YYYY-MM-DDT23:59+00:00/YYYY-MM-DDT23:59+00:00. Enter the start date as YYYY-MM-DD. Enter a 'T'. Enter the start time in 24-hour format (00:00 to 23:59) followed by the UTC time zone (-12:00 to +14:00). Enter '/' and then repeat the same format for your end date and time. The example row below uses PST time zone (-08:00).,# Optional | The URL for a video of your product. Link should be a videos file on a file hosting website; not a video player. Videos must be in a supported format (.3g2; .3gp; .3gpp; .asf; .avi; .dat; .divx; .dv; .f4v; .flv; .gif; .m2ts; .m4v; .mkv; .mod; .mov; .mp4; .mpe; .mpeg; .mpeg4; .mpg; .mts; .nsv; .ogm; .ogv; .qt; .tod; .ts; .vob or .wmv).,# Optional | The URL for a video of your product. Link should be a videos file on a file hosting website; not a video player. Videos must be in a supported format (.3g2; .3gp; .3gpp; .asf; .avi; .dat; .divx; .dv; .f4v; .flv; .gif; .m2ts; .m4v; .mkv; .mod; .mov; .mp4; .mpe; .mpeg; .mpeg4; .mpg; .mts; .nsv; .ogm; .ogv; .qt; .tod; .ts; .vob or .wmv).,# Optional | The name of the service provider. Character limit: 100.,# Optional | The typical length of a service session. Format the duration as a number followed by a unit such as 1 hour or 30 minutes.,# Optional | Any notable awards won for this service. Use commas to separate multiple items. Character limit: 200.,# Optional | Certification information about a service or organization. Character limit: 100.,# Optional | The hours during which this service is available. Use the format DD HH:MM-HH:MM; separate multiple entries with commas. For example: Mo-Fr 08:00-18:00; Sa 10:00-14:00.,# Optional | The type of service offered; such as consulting or cleaning services. Used to recommend your services to the right people.
id,image_link,brand,description,title,link,rating_count,user_rating,address.city,address.city_id,address.country,address.latitude,address.longitude,address.neighborhoods,address.postal_code,address.region,address.street_address,address.addr2,address.addr3,address.unit_number,custom_label_0,custom_label_1,custom_label_2,custom_label_3,custom_label_4,custom_number_0,custom_number_1,custom_number_2,custom_number_3,custom_number_4,price,sale_price,sale_price_effective_date,video[0].url,video[0].tag[0],provider,duration,award,has_certification,hours_available,service_category
beezz-flash-69ab93eb9d78,https://beezz-zart.ca/Website%20Images/Flashes/All%20Body%20parts%20Flashes/All%20arms/All%20Arms%20Flashes%201.webp?v=132,Beezz_zart,"Broken Veil blackwork flash, tattooed once, Beezz_zart. Request this design via the link.",Broken Veil,https://beezz-zart.ca/flash-quote.html?style=all&part=all&flash=Website+Images%2FFlashes%2FAll+Body+parts+Flashes%2FAll+arms%2FAll+Arms+Flashes+1.webp,,,,,,,,,,,,,,,Tattoo flash,Broken Veil,,,,,,,,,,,,,,Mariia - Beezz_zart,Session length varies,,,,Personalized service
beezz-flash-d356e7f73cd9,https://beezz-zart.ca/Website%20Images/Flashes/All%20Body%20parts%20Flashes/All%20arms/All%20Arms%20Flashes%202.webp?v=132,Beezz_zart,"Salt Fang blackwork flash, tattooed once, Beezz_zart. Request this design via the link.",Salt Fang,https://beezz-zart.ca/flash-quote.html?style=all&part=all&flash=Website+Images%2FFlashes%2FAll+Body+parts+Flashes%2FAll+arms%2FAll+Arms+Flashes+2.webp,,,,,,,,,,,,,,,Tattoo flash,Salt Fang,,,,,,,,,,,,,,Mariia - Beezz_zart,Session length varies,,,,Personalized service
beezz-flash-3ea8685bd2c1,https://beezz-zart.ca/Website%20Images/Flashes/All%20Body%20parts%20Flashes/All%20arms/All%20Arms%20Flashes%203.webp?v=132,Beezz_zart,"Wraith Vault blackwork flash, tattooed once, Beezz_zart. Request this design via the link.",Wraith Vault,https://beezz-zart.ca/flash-quote.html?style=all&part=all&flash=Website+Images%2FFlashes%2FAll+Body+parts+Flashes%2FAll+arms%2FAll+Arms+Flashes+3.webp,,,,,,,,,,,,,,,Tattoo flash,Wraith Vault,,,,,,,,,,,,,,Mariia - Beezz_zart,Session length varies,,,,Personalized service
beezz-flash-c2d6ae4c53f0,https://beezz-zart.ca/Website%20Images/Flashes/All%20Body%20parts%20Flashes/All%20arms/All%20Arms%20Flashes%204.webp?v=132,Beezz_zart,"Salt Flow blackwork flash, tattooed once, Beezz_zart. Request this design via the link.",Salt Flow,https://beezz-zart.ca/flash-quote.html?style=all&part=all&flash=Website+Images%2FFlashes%2FAll+Body+parts+Flashes%2FAll+arms%2FAll+Arms+Flashes+4.webp,,,,,,,,,,,,,,,Tattoo flash,Salt Flow,,,,,,,,,,,,,,Mariia - Beezz_zart,Session length varies,,,,Personalized service
beezz-flash-5fbd0b7eb57d,https://beezz-zart.ca/Website%20Images/Flashes/All%20Body%20parts%20Flashes/All%20arms/All%20Arms%20Flashes%205.webp?v=132,Beezz_zart,"Zenith Blade blackwork flash, tattooed once, Beezz_zart. Request this design via the link.",Zenith Blade,https://beezz-zart.ca/flash-quote.html?style=all&part=all&flash=Website+Images%2FFlashes%2FAll+Body+parts+Flashes%2FAll+arms%2FAll+Arms+Flashes+5.webp,,,,,,,,,,,,,,,Tattoo flash,Zenith Blade,,,,,,,,,,,,,,Mariia - Beezz_zart,Session length varies,,,,Personalized service
beezz-flash-3c635e3e1c97,https://beezz-zart.ca/Website%20Images/Flashes/All%20Body%20parts%20Flashes/All%20arms/All%20Arms%20Flashes%206.webp?v=132,Beezz_zart,"Salt Whisper blackwork flash, tattooed once, Beezz_zart. Request this design via the link.",Salt Whisper,https://beezz-zart.ca/flash-quote.html?style=all&part=all&flash=Website+Images%2FFlashes%2FAll+Body+parts+Flashes%2FAll+arms%2FAll+Arms+Flashes+6.webp,,,,,,,,,,,,,,,Tattoo flash,Salt Whisper,,,,,,,,,,,,,,Mariia - Beezz_zart,Session length varies,,,,Personalized service
beezz-flash-121799124c2b,https://beezz-zart.ca/Website%20Images/Flashes/All%20Body%20parts%20Flashes/All%20arms/All%20Arms%20Flashes%207.webp?v=132,Beezz_zart,"Ebon Fang blackwork flash, tattooed once, Beezz_zart. Request this design via the link.",Ebon Fang,https://beezz-zart.ca/flash-quote.html?style=all&part=all&flash=Website+Images%2FFlashes%2FAll+Body+parts+Flashes%2FAll+arms%2FAll+Arms+Flashes+7.webp,,,,,,,,,,,,,,,Tattoo flash,Ebon Fang,,,,,,,,,,,,,,Mariia - Beezz_zart,Session length varies,,,,Personalized service
beezz-flash-dd958576479e,https://beezz-zart.ca/Website%20Images/Flashes/All%20Body%20parts%20Flashes/All%20arms/All%20Arms%20Flashes%208.webp?v=132,Beezz_zart,"Haunt Comet blackwork flash, tattooed once, Beezz_zart. Request this design via the link.",Haunt Comet,https://beezz-zart.ca/flash-quote.html?style=all&part=all&flash=Website+Images%2FFlashes%2FAll+Body+parts+Flashes%2FAll+arms%2FAll+Arms+Flashes+8.webp,,,,,,,,,,,,,,,Tattoo flash,Haunt Comet,,,,,,,,,,,,,,Mariia - Beezz_zart,Session length varies,,,,Personalized service
beezz-flash-0d9a630c9f80,https://beezz-zart.ca/Website%20Images/Flashes/All%20Body%20parts%20Flashes/All%20arms/All%20Arms%20Flashes%209.webp?v=132,Beezz_zart,"Pale Bolt blackwork flash, tattooed once, Beezz_zart. Request this design via the link.",Pale Bolt,https://beezz-zart.ca/flash-quote.html?style=all&part=all&flash=Website+Images%2FFlashes%2FAll+Body+parts+Flashes%2FAll+arms%2FAll+Arms+Flashes+9.webp,,,,,,,,,,,,,,,Tattoo flash,Pale Bolt,,,,,,,,,,,,,,Mariia - Beezz_zart,Session length varies,,,,Personalized service
beezz-flash-4fa15468cefc,https://beezz-zart.ca/Website%20Images/Flashes/All%20Body%20parts%20Flashes/All%20arms/All%20Arms%20Flashes%2010.webp?v=132,Beezz_zart,"Mote Quill blackwork flash, tattooed once, Beezz_zart. Request this design via the link.",Mote Quill,https://beezz-zart.ca/flash-quote.html?style=all&part=all&flash=Website+Images%2FFlashes%2FAll+Body+parts+Flashes%2FAll+arms%2FAll+Arms+Flashes+10.webp,,,,,,,,,,,,,,,Tattoo flash,Mote Quill,,,,,,,,,,,,,,Mariia - Beezz_zart,Session length varies,,,,Personalized service
beezz-flash-b6b5707862ef,https://beezz-zart.ca/Website%20Images/Flashes/All%20Body%20parts%20Flashes/All%20arms/All%20Arms%20Flashes%2011.webp?v=132,Beezz_zart,"Halo Gorge blackwork flash, tattooed once, Beezz_zart. Request this design via the link.",Halo Gorge,https://beezz-zart.ca/flash-quote.html?style=all&part=all&flash=Website+Images%2FFlashes%2FAll+Body+parts+Flashes%2FAll+arms%2FAll+Arms+Flashes+11.webp,,,,,,,,,,,,,,,Tattoo flash,Halo Gorge,,,,,,,,,,,,,,Mariia - Beezz_zart,Session length varies,,,,Personalized service
beezz-flash-8c6787a61038,https://beezz-zart.ca/Website%20Images/Flashes/All%20Body%20parts%20Flashes/All%20arms/All%20Arms%20Flashes%2012.webp?v=132,Beezz_zart,"Pale Chasm blackwork flash, tattooed once, Beezz_zart. Request this design via the link.",Pale Chasm,https://beezz-zart.ca/flash-quote.html?style=all&part=all&flash=Website+Images%2FFlashes%2FAll+Body+parts+Flashes%2FAll+arms%2FAll+Arms+Flashes+12.webp,,,,,,,,,,,,,,,Tattoo flash,Pale Chasm,,,,,,,,,,,,,,Mariia - Beezz_zart,Session length varies,,,,Personalized service
beezz-flash-d315bae60863,https://beezz-zart.ca/Website%20Images/Flashes/All%20Body%20parts%20Flashes/All%20arms/All%20Arms%20Flashes%2013.webp?v=132,Beezz_zart,"Frost Kindling blackwork flash, tattooed once, Beezz_zart. Request this design via the link.",Frost Kindling,https://beezz-zart.ca/flash-quote.html?style=all&part=all&flash=Website+Images%2FFlashes%2FAll+Body+parts+Flashes%2FAll+arms%2FAll+Arms+Flashes+13.webp,,,,,,,,,,,,,,,Tattoo flash,Frost Kindling,,,,,,,,,,,,,,Mariia - Beezz_zart,Session length varies,,,,Personalized service
beezz-flash-d48873944087,https://beezz-zart.ca/Website%20Images/Flashes/All%20Body%20parts%20Flashes/All%20arms/All%20Arms%20Flashes%2014.webp?v=132,Beezz_zart,"Coil Keep blackwork flash, tattooed once, Beezz_zart. Request this design via the link.",Coil Keep,https://beezz-zart.ca/flash-quote.html?style=all&part=all&flash=Website+Images%2FFlashes%2FAll+Body+parts+Flashes%2FAll+arms%2FAll+Arms+Flashes+14.webp,,,,,,,,,,,,,,,Tattoo flash,Coil Keep,,,,,,,,,,,,,,Mariia - Beezz_zart,Session length varies,,,,Personalized service
beezz-flash-d1ff42a83269,https://beezz-zart.ca/Website%20Images/Flashes/All%20Body%20parts%20Flashes/All%20arms/All%20Arms%20Flashes%2015.webp?v=132,Beezz_zart,"Thorn Zen blackwork flash, tattooed once, Beezz_zart. Request this design via the link.",Thorn Zen,https://beezz-zart.ca/flash-quote.html?style=all&part=all&flash=Website+Images%2FFlashes%2FAll+Body+parts+Flashes%2FAll+arms%2FAll+Arms+Flashes+15.webp,,,,,,,,,,,,,,,Tattoo flash,Thorn Zen,,,,,,,,,,,,,,Mariia - Beezz_zart,Session length varies,,,,Personalized service
beezz-flash-e6884867e53d,https://beezz-zart.ca/Website%20Images/Flashes/All%20Body%20parts%20Flashes/All%20arms/All%20Arms%20Flashes%2016.webp?v=132,Beezz_zart,"Velvet Drift blackwork flash, tattooed once, Beezz_zart. Request this design via the link.",Velvet Drift,https://beezz-zart.ca/flash-quote.html?style=all&part=all&flash=Website+Images%2FFlashes%2FAll+Body+parts+Flashes%2FAll+arms%2FAll+Arms+Flashes+16.webp,,,,,,,,,,,,,,,Tattoo flash,Velvet Drift,,,,,,,,,,,,,,Mariia - Beezz_zart,Session length varies,,,,Personalized service
beezz-flash-e7a26b9fb200,https://beezz-zart.ca/Website%20Images/Flashes/All%20Body%20parts%20Flashes/All%20arms/All%20Arms%20Flashes%2017.webp?v=132,Beezz_zart,"Ancient Mirage blackwork flash, tattooed once, Beezz_zart. Request this design via the link.",Ancient Mirage,https://beezz-zart.ca/flash-quote.html?style=all&part=all&flash=Website+Images%2FFlashes%2FAll+Body+parts+Flashes%2FAll+arms%2FAll+Arms+Flashes+17.webp,,,,,,,,,,,,,,,Tattoo flash,Ancient Mirage,,,,,,,,,,,,,,Mariia - Beezz_zart,Session length varies,,,,Personalized service
beezz-flash-8a102812034b,https://beezz-zart.ca/Website%20Images/Flashes/All%20Body%20parts%20Flashes/All%20arms/All%20Arms%20Flashes%2018.webp?v=132,Beezz_zart,"Frost Sigil blackwork flash, tattooed once, Beezz_zart. Request this design via the link.",Frost Sigil,https://beezz-zart.ca/flash-quote.html?style=all&part=all&flash=Website+Images%2FFlashes%2FAll+Body+parts+Flashes%2FAll+arms%2FAll+Arms+Flashes+18.webp,,,,,,,,,,,,,,,Tattoo flash,Frost Sigil,,,,,,,,,,,,,,Mariia - Beezz_zart,Session length varies,,,,Personalized service
beezz-flash-2e1ea330e190,https://beezz-zart.ca/Website%20Images/Flashes/Flashes-Half-Sleeve-2.webp?v=132,Beezz_zart,"Arc Silhouette blackwork flash, tattooed once, Beezz_zart. Request this design via the link.",Arc Silhouette,https://beezz-zart.ca/flash-quote.html?style=all&part=all&flash=Website+Images%2FFlashes%2FFlashes-Half-Sleeve-2.webp,,,,,,,,,,,,,,,Tattoo flash,Arc Silhouette,,,,,,,,,,,,,,Mariia - Beezz_zart,Session length varies,,,,Personalized service
beezz-flash-2b02540e86fe,https://beezz-zart.ca/Website%20Images/Flashes/Flashes-Half-Sleeve-3.webp?v=132,Beezz_zart,"Grim Pulse blackwork flash, tattooed once, Beezz_zart. Request this design via the link.",Grim Pulse,https://beezz-zart.ca/flash-quote.html?style=all&part=all&flash=Website+Images%2FFlashes%2FFlashes-Half-Sleeve-3.webp,,,,,,,,,,,,,,,Tattoo flash,Grim Pulse,,,,,,,,,,,,,,Mariia - Beezz_zart,Session length varies,,,,Personalized service
beezz-flash-a0491458b821,https://beezz-zart.ca/Website%20Images/Flashes/Flashes-Half-Sleeve-4.webp?v=132,Beezz_zart,"Sacred Spine blackwork flash, tattooed once, Beezz_zart. Request this design via the link.",Sacred Spine,https://beezz-zart.ca/flash-quote.html?style=all&part=all&flash=Website+Images%2FFlashes%2FFlashes-Half-Sleeve-4.webp,,,,,,,,,,,,,,,Tattoo flash,Sacred Spine,,,,,,,,,,,,,,Mariia - Beezz_zart,Session length varies,,,,Personalized service
beezz-flash-12db726f96d6,https://beezz-zart.ca/Website%20Images/Flashes/Flashes-Hand-1.webp?v=132,Beezz_zart,"Ledge Axis blackwork flash, tattooed once, Beezz_zart. Request this design via the link.",Ledge Axis,https://beezz-zart.ca/flash-quote.html?style=all&part=all&flash=Website+Images%2FFlashes%2FFlashes-Hand-1.webp,,,,,,,,,,,,,,,Tattoo flash,Ledge Axis,,,,,,,,,,,,,,Mariia - Beezz_zart,Session length varies,,,,Personalized service
beezz-flash-803e2f491995,https://beezz-zart.ca/Website%20Images/Flashes/Flashes-Hand-2.webp?v=132,Beezz_zart,"Jet Comet blackwork flash, tattooed once, Beezz_zart. Request this design via the link.",Jet Comet,https://beezz-zart.ca/flash-quote.html?style=all&part=all&flash=Website+Images%2FFlashes%2FFlashes-Hand-2.webp,,,,,,,,,,,,,,,Tattoo flash,Jet Comet,,,,,,,,,,,,,,Mariia - Beezz_zart,Session length varies,,,,Personalized service
beezz-flash-bbc9cff82ff9,https://beezz-zart.ca/Website%20Images/Flashes/Flashes-Hand-3.webp?v=132,Beezz_zart,"Jet Petal blackwork flash, tattooed once, Beezz_zart. Request this design via the link.",Jet Petal,https://beezz-zart.ca/flash-quote.html?style=all&part=all&flash=Website+Images%2FFlashes%2FFlashes-Hand-3.webp,,,,,,,,,,,,,,,Tattoo flash,Jet Petal,,,,,,,,,,,,,,Mariia - Beezz_zart,Session length varies,,,,Personalized service
beezz-flash-e9acd1a8882e,https://beezz-zart.ca/Website%20Images/Flashes/Flashes-Palm-1.webp?v=132,Beezz_zart,"Knot Dune blackwork flash, tattooed once, Beezz_zart. Request this design via the link.",Knot Dune,https://beezz-zart.ca/flash-quote.html?style=all&part=all&flash=Website+Images%2FFlashes%2FFlashes-Palm-1.webp,,,,,,,,,,,,,,,Tattoo flash,Knot Dune,,,,,,,,,,,,,,Mariia - Beezz_zart,Session length varies,,,,Personalized service
beezz-flash-cbb28a1848da,https://beezz-zart.ca/Website%20Images/Flashes/Flashes-Shoulder-1.webp?v=132,Beezz_zart,"Zenith Spine blackwork flash, tattooed once, Beezz_zart. Request this design via the link.",Zenith Spine,https://beezz-zart.ca/flash-quote.html?style=all&part=all&flash=Website+Images%2FFlashes%2FFlashes-Shoulder-1.webp,,,,,,,,,,,,,,,Tattoo flash,Zenith Spine,,,,,,,,,,,,,,Mariia - Beezz_zart,Session length varies,,,,Personalized service
beezz-flash-b11f2c65b3a5,https://beezz-zart.ca/Website%20Images/Flashes/Flashes-Shoulder-2.webp?v=132,Beezz_zart,"Bitter Glint blackwork flash, tattooed once, Beezz_zart. Request this design via the link.",Bitter Glint,https://beezz-zart.ca/flash-quote.html?style=all&part=all&flash=Website+Images%2FFlashes%2FFlashes-Shoulder-2.webp,,,,,,,,,,,,,,,Tattoo flash,Bitter Glint,,,,,,,,,,,,,,Mariia - Beezz_zart,Session length varies,,,,Personalized service
beezz-flash-efa53f00ad12,https://beezz-zart.ca/Website%20Images/Flashes/Flashes-Shoulder-3.webp?v=132,Beezz_zart,"Bitter Loom blackwork flash, tattooed once, Beezz_zart. Request this design via the link.",Bitter Loom,https://beezz-zart.ca/flash-quote.html?style=all&part=all&flash=Website+Images%2FFlashes%2FFlashes-Shoulder-3.webp,,,,,,,,,,,,,,,Tattoo flash,Bitter Loom,,,,,,,,,,,,,,Mariia - Beezz_zart,Session length varies,,,,Personalized service
beezz-flash-71f75ba41fb9,https://beezz-zart.ca/Website%20Images/Flashes/Flashes-Shoulder-4.webp?v=132,Beezz_zart,"Hollow Root blackwork flash, tattooed once, Beezz_zart. Request this design via the link.",Hollow Root,https://beezz-zart.ca/flash-quote.html?style=all&part=all&flash=Website+Images%2FFlashes%2FFlashes-Shoulder-4.webp,,,,,,,,,,,,,,,Tattoo flash,Hollow Root,,,,,,,,,,,,,,Mariia - Beezz_zart,Session length varies,,,,Personalized service
beezz-flash-629d9ae2f14d,https://beezz-zart.ca/Website%20Images/Flashes/Flashes-Shoulder-5.webp?v=132,Beezz_zart,"Static Hook blackwork flash, tattooed once, Beezz_zart. Request this design via the link.",Static Hook,https://beezz-zart.ca/flash-quote.html?style=all&part=all&flash=Website+Images%2FFlashes%2FFlashes-Shoulder-5.webp,,,,,,,,,,,,,,,Tattoo flash,Static Hook,,,,,,,,,,,,,,Mariia - Beezz_zart,Session length varies,,,,Personalized service
beezz-flash-19abf82d3e7e,https://beezz-zart.ca/Website%20Images/Flashes/Flashes-Arm-Sleeve-1.webp?v=132,Beezz_zart,"Sacred Oracle blackwork flash, tattooed once, Beezz_zart. Request this design via the link.",Sacred Oracle,https://beezz-zart.ca/flash-quote.html?style=all&part=all&flash=Website+Images%2FFlashes%2FFlashes-Arm-Sleeve-1.webp,,,,,,,,,,,,,,,Tattoo flash,Sacred Oracle,,,,,,,,,,,,,,Mariia - Beezz_zart,Session length varies,,,,Personalized service
beezz-flash-ff2b9d79229a,https://beezz-zart.ca/Website%20Images/Flashes/Flashes-Arm-Sleeve-2.webp?v=132,Beezz_zart,"Drift Oath blackwork flash, tattooed once, Beezz_zart. Request this design via the link.",Drift Oath,https://beezz-zart.ca/flash-quote.html?style=all&part=all&flash=Website+Images%2FFlashes%2FFlashes-Arm-Sleeve-2.webp,,,,,,,,,,,,,,,Tattoo flash,Drift Oath,,,,,,,,,,,,,,Mariia - Beezz_zart,Session length varies,,,,Personalized service
beezz-flash-1a63622200af,https://beezz-zart.ca/Website%20Images/Flashes/Flashes-Arm-Sleeve-3.webp?v=132,Beezz_zart,"Fallen Prism blackwork flash, tattooed once, Beezz_zart. Request this design via the link.",Fallen Prism,https://beezz-zart.ca/flash-quote.html?style=all&part=all&flash=Website+Images%2FFlashes%2FFlashes-Arm-Sleeve-3.webp,,,,,,,,,,,,,,,Tattoo flash,Fallen Prism,,,,,,,,,,,,,,Mariia - Beezz_zart,Session length varies,,,,Personalized service
beezz-flash-0f075b69cec8,https://beezz-zart.ca/Website%20Images/Flashes/All%20Body%20parts%20Flashes/All%20Legs%20Flashes%20/All%20Legs%20Flashes%201.webp?v=132,Beezz_zart,"Haunt Plume blackwork flash, tattooed once, Beezz_zart. Request this design via the link.",Haunt Plume,https://beezz-zart.ca/flash-quote.html?style=all&part=all&flash=Website+Images%2FFlashes%2FAll+Body+parts+Flashes%2FAll+Legs+Flashes+%2FAll+Legs+Flashes+1.webp,,,,,,,,,,,,,,,Tattoo flash,Haunt Plume,,,,,,,,,,,,,,Mariia - Beezz_zart,Session length varies,,,,Personalized service
beezz-flash-e416e8f0df9c,https://beezz-zart.ca/Website%20Images/Flashes/All%20Body%20parts%20Flashes/All%20Legs%20Flashes%20/All%20Legs%20Flashes%202.webp?v=132,Beezz_zart,"Hidden Mirage blackwork flash, tattooed once, Beezz_zart. Request this design via the link.",Hidden Mirage,https://beezz-zart.ca/flash-quote.html?style=all&part=all&flash=Website+Images%2FFlashes%2FAll+Body+parts+Flashes%2FAll+Legs+Flashes+%2FAll+Legs+Flashes+2.webp,,,,,,,,,,,,,,,Tattoo flash,Hidden Mirage,,,,,,,,,,,,,,Mariia - Beezz_zart,Session length varies,,,,Personalized service
beezz-flash-13570647e9b4,https://beezz-zart.ca/Website%20Images/Flashes/All%20Body%20parts%20Flashes/All%20Legs%20Flashes%20/All%20Legs%20Flashes%203.webp?v=132,Beezz_zart,"Cinder Sigil blackwork flash, tattooed once, Beezz_zart. Request this design via the link.",Cinder Sigil,https://beezz-zart.ca/flash-quote.html?style=all&part=all&flash=Website+Images%2FFlashes%2FAll+Body+parts+Flashes%2FAll+Legs+Flashes+%2FAll+Legs+Flashes+3.webp,,,,,,,,,,,,,,,Tattoo flash,Cinder Sigil,,,,,,,,,,,,,,Mariia - Beezz_zart,Session length varies,,,,Personalized service
beezz-flash-32bb7590b7a0,https://beezz-zart.ca/Website%20Images/Flashes/All%20Body%20parts%20Flashes/All%20Legs%20Flashes%20/All%20Legs%20Flashes%204.webp?v=132,Beezz_zart,"Grove Shard blackwork flash, tattooed once, Beezz_zart. Request this design via the link.",Grove Shard,https://beezz-zart.ca/flash-quote.html?style=all&part=all&flash=Website+Images%2FFlashes%2FAll+Body+parts+Flashes%2FAll+Legs+Flashes+%2FAll+Legs+Flashes+4.webp,,,,,,,,,,,,,,,Tattoo flash,Grove Shard,,,,,,,,,,,,,,Mariia - Beezz_zart,Session length varies,,,,Personalized service
beezz-flash-1612a8f667fd,https://beezz-zart.ca/Website%20Images/Flashes/All%20Body%20parts%20Flashes/All%20Legs%20Flashes%20/All%20Legs%20Flashes%205.webp?v=132,Beezz_zart,"Phantom Myth blackwork flash, tattooed once, Beezz_zart. Request this design via the link.",Phantom Myth,https://beezz-zart.ca/flash-quote.html?style=all&part=all&flash=Website+Images%2FFlashes%2FAll+Body+parts+Flashes%2FAll+Legs+Flashes+%2FAll+Legs+Flashes+5.webp,,,,,,,,,,,,,,,Tattoo flash,Phantom Myth,,,,,,,,,,,,,,Mariia - Beezz_zart,Session length varies,,,,Personalized service
beezz-flash-023fdfed7054,https://beezz-zart.ca/Website%20Images/Flashes/All%20Body%20parts%20Flashes/All%20Legs%20Flashes%20/All%20Legs%20Flashes%206.webp?v=132,Beezz_zart,"Deep Spine blackwork flash, tattooed once, Beezz_zart. Request this design via the link.",Deep Spine,https://beezz-zart.ca/flash-quote.html?style=all&part=all&flash=Website+Images%2FFlashes%2FAll+Body+parts+Flashes%2FAll+Legs+Flashes+%2FAll+Legs+Flashes+6.webp,,,,,,,,,,,,,,,Tattoo flash,Deep Spine,,,,,,,,,,,,,,Mariia - Beezz_zart,Session length varies,,,,Personalized service
beezz-flash-995fff99e80e,https://beezz-zart.ca/Website%20Images/Flashes/All%20Body%20parts%20Flashes/All%20Legs%20Flashes%20/All%20Legs%20Flashes%207.webp?v=132,Beezz_zart,"Deep Vault blackwork flash, tattooed once, Beezz_zart. Request this design via the link.",Deep Vault,https://beezz-zart.ca/flash-quote.html?style=all&part=all&flash=Website+Images%2FFlashes%2FAll+Body+parts+Flashes%2FAll+Legs+Flashes+%2FAll+Legs+Flashes+7.webp,,,,,,,,,,,,,,,Tattoo flash,Deep Vault,,,,,,,,,,,,,,Mariia - Beezz_zart,Session length varies,,,,Personalized service
beezz-flash-9b662e22fcd0,https://beezz-zart.ca/Website%20Images/Flashes/All%20Body%20parts%20Flashes/All%20Legs%20Flashes%20/All%20Legs%20Flashes%208.webp?v=132,Beezz_zart,"Static Fang blackwork flash, tattooed once, Beezz_zart. Request this design via the link.",Static Fang,https://beezz-zart.ca/flash-quote.html?style=all&part=all&flash=Website+Images%2FFlashes%2FAll+Body+parts+Flashes%2FAll+Legs+Flashes+%2FAll+Legs+Flashes+8.webp,,,,,,,,,,,,,,,Tattoo flash,Static Fang,,,,,,,,,,,,,,Mariia - Beezz_zart,Session length varies,,,,Personalized service
beezz-flash-3bd30a6f0062,https://beezz-zart.ca/Website%20Images/Flashes/All%20Body%20parts%20Flashes/All%20Legs%20Flashes%20/All%20Legs%20Flashes%209.webp?v=132,Beezz_zart,"Ink Rune blackwork flash, tattooed once, Beezz_zart. Request this design via the link.",Ink Rune,https://beezz-zart.ca/flash-quote.html?style=all&part=all&flash=Website+Images%2FFlashes%2FAll+Body+parts+Flashes%2FAll+Legs+Flashes+%2FAll+Legs+Flashes+9.webp,,,,,,,,,,,,,,,Tattoo flash,Ink Rune,,,,,,,,,,,,,,Mariia - Beezz_zart,Session length varies,,,,Personalized service
beezz-flash-7745587db7e4,https://beezz-zart.ca/Website%20Images/Flashes/All%20Body%20parts%20Flashes/All%20Legs%20Flashes%20/All%20Legs%20Flashes%2010.webp?v=132,Beezz_zart,"Jagged Talon blackwork flash, tattooed once, Beezz_zart. Request this design via the link.",Jagged Talon,https://beezz-zart.ca/flash-quote.html?style=all&part=all&flash=Website+Images%2FFlashes%2FAll+Body+parts+Flashes%2FAll+Legs+Flashes+%2FAll+Legs+Flashes+10.webp,,,,,,,,,,,,,,,Tattoo flash,Jagged Talon,,,,,,,,,,,,,,Mariia - Beezz_zart,Session length varies,,,,Personalized service
beezz-flash-45443010370d,https://beezz-zart.ca/Website%20Images/Flashes/All%20Body%20parts%20Flashes/All%20Legs%20Flashes%20/All%20Legs%20Flashes%2011.webp?v=132,Beezz_zart,"Pale Axis blackwork flash, tattooed once, Beezz_zart. Request this design via the link.",Pale Axis,https://beezz-zart.ca/flash-quote.html?style=all&part=all&flash=Website+Images%2FFlashes%2FAll+Body+parts+Flashes%2FAll+Legs+Flashes+%2FAll+Legs+Flashes+11.webp,,,,,,,,,,,,,,,Tattoo flash,Pale Axis,,,,,,,,,,,,,,Mariia - Beezz_zart,Session length varies,,,,Personalized service
beezz-flash-d95250a7523e,https://beezz-zart.ca/Website%20Images/Flashes/All%20Body%20parts%20Flashes/All%20Legs%20Flashes%20/All%20Legs%20Flashes%2012.webp?v=132,Beezz_zart,"Fracture Petal blackwork flash, tattooed once, Beezz_zart. Request this design via the link.",Fracture Petal,https://beezz-zart.ca/flash-quote.html?style=all&part=all&flash=Website+Images%2FFlashes%2FAll+Body+parts+Flashes%2FAll+Legs+Flashes+%2FAll+Legs+Flashes+12.webp,,,,,,,,,,,,,,,Tattoo flash,Fracture Petal,,,,,,,,,,,,,,Mariia - Beezz_zart,Session length varies,,,,Personalized service
beezz-flash-abf6729e9c53,https://beezz-zart.ca/Website%20Images/Flashes/All%20Body%20parts%20Flashes/All%20Legs%20Flashes%20/All%20Legs%20Flashes%2013.webp?v=132,Beezz_zart,"Vapor Icon blackwork flash, tattooed once, Beezz_zart. Request this design via the link.",Vapor Icon,https://beezz-zart.ca/flash-quote.html?style=all&part=all&flash=Website+Images%2FFlashes%2FAll+Body+parts+Flashes%2FAll+Legs+Flashes+%2FAll+Legs+Flashes+13.webp,,,,,,,,,,,,,,,Tattoo flash,Vapor Icon,,,,,,,,,,,,,,Mariia - Beezz_zart,Session length varies,,,,Personalized service
beezz-flash-5b81a37f1b46,https://beezz-zart.ca/Website%20Images/Flashes/All%20Body%20parts%20Flashes/All%20Legs%20Flashes%20/All%20Legs%20Flashes%2014.webp?v=132,Beezz_zart,"Pale Comet blackwork flash, tattooed once, Beezz_zart. Request this design via the link.",Pale Comet,https://beezz-zart.ca/flash-quote.html?style=all&part=all&flash=Website+Images%2FFlashes%2FAll+Body+parts+Flashes%2FAll+Legs+Flashes+%2FAll+Legs+Flashes+14.webp,,,,,,,,,,,,,,,Tattoo flash,Pale Comet,,,,,,,,,,,,,,Mariia - Beezz_zart,Session length varies,,,,Personalized service
beezz-flash-f7ca515ae884,https://beezz-zart.ca/Website%20Images/Flashes/All%20Body%20parts%20Flashes/All%20Legs%20Flashes%20/All%20Legs%20Flashes%2015.webp?v=132,Beezz_zart,"Wraith Branch blackwork flash, tattooed once, Beezz_zart. Request this design via the link.",Wraith Branch,https://beezz-zart.ca/flash-quote.html?style=all&part=all&flash=Website+Images%2FFlashes%2FAll+Body+parts+Flashes%2FAll+Legs+Flashes+%2FAll+Legs+Flashes+15.webp,,,,,,,,,,,,,,,Tattoo flash,Wraith Branch,,,,,,,,,,,,,,Mariia - Beezz_zart,Session length varies,,,,Personalized service
beezz-flash-74bf87e161b9,https://beezz-zart.ca/Website%20Images/Flashes/Flashes-Butt-1.webp?v=132,Beezz_zart,"Pale Ember blackwork flash, tattooed once, Beezz_zart. Request this design via the link.",Pale Ember,https://beezz-zart.ca/flash-quote.html?style=all&part=all&flash=Website+Images%2FFlashes%2FFlashes-Butt-1.webp,,,,,,,,,,,,,,,Tattoo flash,Pale Ember,,,,,,,,,,,,,,Mariia - Beezz_zart,Session length varies,,,,Personalized service
beezz-flash-5b1ee24b3edb,https://beezz-zart.ca/Website%20Images/Flashes/Flashes-Calf-1.webp?v=132,Beezz_zart,"Iron Prism blackwork flash, tattooed once, Beezz_zart. Request this design via the link.",Iron Prism,https://beezz-zart.ca/flash-quote.html?style=all&part=all&flash=Website+Images%2FFlashes%2FFlashes-Calf-1.webp,,,,,,,,,,,,,,,Tattoo flash,Iron Prism,,,,,,,,,,,,,,Mariia - Beezz_zart,Session length varies,,,,Personalized service
beezz-flash-17c607231235,https://beezz-zart.ca/Website%20Images/Flashes/Flashes-Calf-2.webp?v=132,Beezz_zart,"Umber Spine blackwork flash, tattooed once, Beezz_zart. Request this design via the link.",Umber Spine,https://beezz-zart.ca/flash-quote.html?style=all&part=all&flash=Website+Images%2FFlashes%2FFlashes-Calf-2.webp,,,,,,,,,,,,,,,Tattoo flash,Umber Spine,,,,,,,,,,,,,,Mariia - Beezz_zart,Session length varies,,,,Personalized service
beezz-flash-b2ec07dd1ff7,https://beezz-zart.ca/Website%20Images/Flashes/Flashes-Calf-3.webp?v=132,Beezz_zart,"Shade Comet blackwork flash, tattooed once, Beezz_zart. Request this design via the link.",Shade Comet,https://beezz-zart.ca/flash-quote.html?style=all&part=all&flash=Website+Images%2FFlashes%2FFlashes-Calf-3.webp,,,,,,,,,,,,,,,Tattoo flash,Shade Comet,,,,,,,,,,,,,,Mariia - Beezz_zart,Session length varies,,,,Personalized service
beezz-flash-79a055954f20,https://beezz-zart.ca/Website%20Images/Flashes/Flashes-Foot-1.webp?v=132,Beezz_zart,"Quiet Hook blackwork flash, tattooed once, Beezz_zart. Request this design via the link.",Quiet Hook,https://beezz-zart.ca/flash-quote.html?style=all&part=all&flash=Website+Images%2FFlashes%2FFlashes-Foot-1.webp,,,,,,,,,,,,,,,Tattoo flash,Quiet Hook,,,,,,,,,,,,,,Mariia - Beezz_zart,Session length varies,,,,Personalized service
beezz-flash-59cda716daf0,https://beezz-zart.ca/Website%20Images/Flashes/Flashes-Foot-2.webp?v=132,Beezz_zart,"Coil Storm blackwork flash, tattooed once, Beezz_zart. Request this design via the link.",Coil Storm,https://beezz-zart.ca/flash-quote.html?style=all&part=all&flash=Website+Images%2FFlashes%2FFlashes-Foot-2.webp,,,,,,,,,,,,,,,Tattoo flash,Coil Storm,,,,,,,,,,,,,,Mariia - Beezz_zart,Session length varies,,,,Personalized service
beezz-flash-0f3458a19169,https://beezz-zart.ca/Website%20Images/Flashes/Flashes-Foot-3.webp?v=132,Beezz_zart,"Phantom Fang blackwork flash, tattooed once, Beezz_zart. Request this design via the link.",Phantom Fang,https://beezz-zart.ca/flash-quote.html?style=all&part=all&flash=Website+Images%2FFlashes%2FFlashes-Foot-3.webp,,,,,,,,,,,,,,,Tattoo flash,Phantom Fang,,,,,,,,,,,,,,Mariia - Beezz_zart,Session length varies,,,,Personalized service
beezz-flash-50b10649d185,https://beezz-zart.ca/Website%20Images/Flashes/Flashes-Knee-1.webp?v=132,Beezz_zart,"Ash Petal blackwork flash, tattooed once, Beezz_zart. Request this design via the link.",Ash Petal,https://beezz-zart.ca/flash-quote.html?style=all&part=all&flash=Website+Images%2FFlashes%2FFlashes-Knee-1.webp,,,,,,,,,,,,,,,Tattoo flash,Ash Petal,,,,,,,,,,,,,,Mariia - Beezz_zart,Session length varies,,,,Personalized service
beezz-flash-2131bc873b92,https://beezz-zart.ca/Website%20Images/Flashes/Flashes-Knee-2.webp?v=132,Beezz_zart,"Lunar Plume blackwork flash, tattooed once, Beezz_zart. Request this design via the link.",Lunar Plume,https://beezz-zart.ca/flash-quote.html?style=all&part=all&flash=Website+Images%2FFlashes%2FFlashes-Knee-2.webp,,,,,,,,,,,,,,,Tattoo flash,Lunar Plume,,,,,,,,,,,,,,Mariia - Beezz_zart,Session length varies,,,,Personalized service
beezz-flash-994a14f8d02d,https://beezz-zart.ca/Website%20Images/Flashes/Flashes-Knee-3.webp?v=132,Beezz_zart,"Wilt Vault blackwork flash, tattooed once, Beezz_zart. Request this design via the link.",Wilt Vault,https://beezz-zart.ca/flash-quote.html?style=all&part=all&flash=Website+Images%2FFlashes%2FFlashes-Knee-3.webp,,,,,,,,,,,,,,,Tattoo flash,Wilt Vault,,,,,,,,,,,,,,Mariia - Beezz_zart,Session length varies,,,,Personalized service
beezz-flash-67b7bafcca82,https://beezz-zart.ca/Website%20Images/Flashes/Flashes-Leg-Sleeve-1.webp?v=132,Beezz_zart,"Mist Branch blackwork flash, tattooed once, Beezz_zart. Request this design via the link.",Mist Branch,https://beezz-zart.ca/flash-quote.html?style=all&part=all&flash=Website+Images%2FFlashes%2FFlashes-Leg-Sleeve-1.webp,,,,,,,,,,,,,,,Tattoo flash,Mist Branch,,,,,,,,,,,,,,Mariia - Beezz_zart,Session length varies,,,,Personalized service
beezz-flash-9a047fa72361,https://beezz-zart.ca/Website%20Images/Flashes/Flashes-Thigh-1.webp?v=132,Beezz_zart,"Rift Inkwell blackwork flash, tattooed once, Beezz_zart. Request this design via the link.",Rift Inkwell,https://beezz-zart.ca/flash-quote.html?style=all&part=all&flash=Website+Images%2FFlashes%2FFlashes-Thigh-1.webp,,,,,,,,,,,,,,,Tattoo flash,Rift Inkwell,,,,,,,,,,,,,,Mariia - Beezz_zart,Session length varies,,,,Personalized service
beezz-flash-435723115c8e,https://beezz-zart.ca/Website%20Images/Flashes/Flashes-Thigh-2.webp?v=132,Beezz_zart,"Violet Nova blackwork flash, tattooed once, Beezz_zart. Request this design via the link.",Violet Nova,https://beezz-zart.ca/flash-quote.html?style=all&part=all&flash=Website+Images%2FFlashes%2FFlashes-Thigh-2.webp,,,,,,,,,,,,,,,Tattoo flash,Violet Nova,,,,,,,,,,,,,,Mariia - Beezz_zart,Session length varies,,,,Personalized service
beezz-flash-d6ac21df7480,https://beezz-zart.ca/Website%20Images/Flashes/Flashes-Thigh-3.webp?v=132,Beezz_zart,"Drift Plume blackwork flash, tattooed once, Beezz_zart. Request this design via the link.",Drift Plume,https://beezz-zart.ca/flash-quote.html?style=all&part=all&flash=Website+Images%2FFlashes%2FFlashes-Thigh-3.webp,,,,,,,,,,,,,,,Tattoo flash,Drift Plume,,,,,,,,,,,,,,Mariia - Beezz_zart,Session length varies,,,,Personalized service
beezz-flash-a0f37bf6ea8a,https://beezz-zart.ca/Website%20Images/Flashes/All%20Body%20parts%20Flashes/All%20Body%20Front%20Flashes%20/All%20Body%20Front%20Flashes%201..webp?v=132,Beezz_zart,"Ash Vault blackwork flash, tattooed once, Beezz_zart. Request this design via the link.",Ash Vault,https://beezz-zart.ca/flash-quote.html?style=all&part=all&flash=Website+Images%2FFlashes%2FAll+Body+parts+Flashes%2FAll+Body+Front+Flashes+%2FAll+Body+Front+Flashes+1..webp,,,,,,,,,,,,,,,Tattoo flash,Ash Vault,,,,,,,,,,,,,,Mariia - Beezz_zart,Session length varies,,,,Personalized service
beezz-flash-25e3b5ceb5b1,https://beezz-zart.ca/Website%20Images/Flashes/All%20Body%20parts%20Flashes/All%20Body%20Front%20Flashes%20/All%20Body%20Front%20Flashes%202.webp?v=132,Beezz_zart,"Vapor Vine blackwork flash, tattooed once, Beezz_zart. Request this design via the link.",Vapor Vine,https://beezz-zart.ca/flash-quote.html?style=all&part=all&flash=Website+Images%2FFlashes%2FAll+Body+parts+Flashes%2FAll+Body+Front+Flashes+%2FAll+Body+Front+Flashes+2.webp,,,,,,,,,,,,,,,Tattoo flash,Vapor Vine,,,,,,,,,,,,,,Mariia - Beezz_zart,Session length varies,,,,Personalized service
beezz-flash-c0ec2b6fe610,https://beezz-zart.ca/Website%20Images/Flashes/All%20Body%20parts%20Flashes/All%20Body%20Front%20Flashes%20/All%20Body%20Front%20Flashes%203.webp?v=132,Beezz_zart,"Iron Root blackwork flash, tattooed once, Beezz_zart. Request this design via the link.",Iron Root,https://beezz-zart.ca/flash-quote.html?style=all&part=all&flash=Website+Images%2FFlashes%2FAll+Body+parts+Flashes%2FAll+Body+Front+Flashes+%2FAll+Body+Front+Flashes+3.webp,,,,,,,,,,,,,,,Tattoo flash,Iron Root,,,,,,,,,,,,,,Mariia - Beezz_zart,Session length varies,,,,Personalized service
beezz-flash-2d6218813fa5,https://beezz-zart.ca/Website%20Images/Flashes/All%20Body%20parts%20Flashes/All%20Body%20Front%20Flashes%20/All%20Body%20Front%20Flashes%204.webp?v=132,Beezz_zart,"Violet Glint blackwork flash, tattooed once, Beezz_zart. Request this design via the link.",Violet Glint,https://beezz-zart.ca/flash-quote.html?style=all&part=all&flash=Website+Images%2FFlashes%2FAll+Body+parts+Flashes%2FAll+Body+Front+Flashes+%2FAll+Body+Front+Flashes+4.webp,,,,,,,,,,,,,,,Tattoo flash,Violet Glint,,,,,,,,,,,,,,Mariia - Beezz_zart,Session length varies,,,,Personalized service
beezz-flash-0fd754a81d2e,https://beezz-zart.ca/Website%20Images/Flashes/All%20Body%20parts%20Flashes/All%20Body%20Front%20Flashes%20/All%20Body%20Front%20Flashes%205.webp?v=132,Beezz_zart,"Nox Mark blackwork flash, tattooed once, Beezz_zart. Request this design via the link.",Nox Mark,https://beezz-zart.ca/flash-quote.html?style=all&part=all&flash=Website+Images%2FFlashes%2FAll+Body+parts+Flashes%2FAll+Body+Front+Flashes+%2FAll+Body+Front+Flashes+5.webp,,,,,,,,,,,,,,,Tattoo flash,Nox Mark,,,,,,,,,,,,,,Mariia - Beezz_zart,Session length varies,,,,Personalized service
beezz-flash-6f4b37774a46,https://beezz-zart.ca/Website%20Images/Flashes/All%20Body%20parts%20Flashes/All%20Body%20Front%20Flashes%20/All%20Body%20Front%20Flashes%206.webp?v=132,Beezz_zart,"Feral Iris blackwork flash, tattooed once, Beezz_zart. Request this design via the link.",Feral Iris,https://beezz-zart.ca/flash-quote.html?style=all&part=all&flash=Website+Images%2FFlashes%2FAll+Body+parts+Flashes%2FAll+Body+Front+Flashes+%2FAll+Body+Front+Flashes+6.webp,,,,,,,,,,,,,,,Tattoo flash,Feral Iris,,,,,,,,,,,,,,Mariia - Beezz_zart,Session length varies,,,,Personalized service
beezz-flash-c62aeb426146,https://beezz-zart.ca/Website%20Images/Flashes/All%20Body%20parts%20Flashes/All%20Body%20Front%20Flashes%20/All%20Body%20Front%20Flashes%207.webp?v=132,Beezz_zart,"Nox Rune blackwork flash, tattooed once, Beezz_zart. Request this design via the link.",Nox Rune,https://beezz-zart.ca/flash-quote.html?style=all&part=all&flash=Website+Images%2FFlashes%2FAll+Body+parts+Flashes%2FAll+Body+Front+Flashes+%2FAll+Body+Front+Flashes+7.webp,,,,,,,,,,,,,,,Tattoo flash,Nox Rune,,,,,,,,,,,,,,Mariia - Beezz_zart,Session length varies,,,,Personalized service
beezz-flash-5257d7a5a508,https://beezz-zart.ca/Website%20Images/Flashes/All%20Body%20parts%20Flashes/All%20Body%20Front%20Flashes%20/All%20Body%20Front%20Flashes%208.webp?v=132,Beezz_zart,"Orchid Thistle blackwork flash, tattooed once, Beezz_zart. Request this design via the link.",Orchid Thistle,https://beezz-zart.ca/flash-quote.html?style=all&part=all&flash=Website+Images%2FFlashes%2FAll+Body+parts+Flashes%2FAll+Body+Front+Flashes+%2FAll+Body+Front+Flashes+8.webp,,,,,,,,,,,,,,,Tattoo flash,Orchid Thistle,,,,,,,,,,,,,,Mariia - Beezz_zart,Session length varies,,,,Personalized service
beezz-flash-92cec8ba5c4e,https://beezz-zart.ca/Website%20Images/Flashes/All%20Body%20parts%20Flashes/All%20Body%20Front%20Flashes%20/All%20Body%20Front%20Flashes%209.webp?v=132,Beezz_zart,"Violet Cipher blackwork flash, tattooed once, Beezz_zart. Request this design via the link.",Violet Cipher,https://beezz-zart.ca/flash-quote.html?style=all&part=all&flash=Website+Images%2FFlashes%2FAll+Body+parts+Flashes%2FAll+Body+Front+Flashes+%2FAll+Body+Front+Flashes+9.webp,,,,,,,,,,,,,,,Tattoo flash,Violet Cipher,,,,,,,,,,,,,,Mariia - Beezz_zart,Session length varies,,,,Personalized service
beezz-flash-b64b5c850171,https://beezz-zart.ca/Website%20Images/Flashes/All%20Body%20parts%20Flashes/All%20Body%20Front%20Flashes%20/All%20Body%20Front%20Flashes%2010.webp?v=132,Beezz_zart,"Nox Inkwell blackwork flash, tattooed once, Beezz_zart. Request this design via the link.",Nox Inkwell,https://beezz-zart.ca/flash-quote.html?style=all&part=all&flash=Website+Images%2FFlashes%2FAll+Body+parts+Flashes%2FAll+Body+Front+Flashes+%2FAll+Body+Front+Flashes+10.webp,,,,,,,,,,,,,,,Tattoo flash,Nox Inkwell,,,,,,,,,,,,,,Mariia - Beezz_zart,Session length varies,,,,Personalized service
beezz-flash-1a24da503f34,https://beezz-zart.ca/Website%20Images/Flashes/All%20Body%20parts%20Flashes/All%20Body%20Front%20Flashes%20/All%20Body%20Front%20Flashes%2011.webp?v=132,Beezz_zart,"Bitter Icon blackwork flash, tattooed once, Beezz_zart. Request this design via the link.",Bitter Icon,https://beezz-zart.ca/flash-quote.html?style=all&part=all&flash=Website+Images%2FFlashes%2FAll+Body+parts+Flashes%2FAll+Body+Front+Flashes+%2FAll+Body+Front+Flashes+11.webp,,,,,,,,,,,,,,,Tattoo flash,Bitter Icon,,,,,,,,,,,,,,Mariia - Beezz_zart,Session length varies,,,,Personalized service
beezz-flash-47a26702f389,https://beezz-zart.ca/Website%20Images/Flashes/All%20Body%20parts%20Flashes/All%20Body%20Front%20Flashes%20/All%20Body%20Front%20Flashes%2012.webp?v=132,Beezz_zart,"Ember Nightfall blackwork flash, tattooed once, Beezz_zart. Request this design via the link.",Ember Nightfall,https://beezz-zart.ca/flash-quote.html?style=all&part=all&flash=Website+Images%2FFlashes%2FAll+Body+parts+Flashes%2FAll+Body+Front+Flashes+%2FAll+Body+Front+Flashes+12.webp,,,,,,,,,,,,,,,Tattoo flash,Ember Nightfall,,,,,,,,,,,,,,Mariia - Beezz_zart,Session length varies,,,,Personalized service
beezz-flash-8198c6a618b4,https://beezz-zart.ca/Website%20Images/Flashes/All%20Body%20parts%20Flashes/All%20Body%20Front%20Flashes%20/All%20Body%20Front%20Flashes%2013.webp?v=132,Beezz_zart,"Jet Spine blackwork flash, tattooed once, Beezz_zart. Request this design via the link.",Jet Spine,https://beezz-zart.ca/flash-quote.html?style=all&part=all&flash=Website+Images%2FFlashes%2FAll+Body+parts+Flashes%2FAll+Body+Front+Flashes+%2FAll+Body+Front+Flashes+13.webp,,,,,,,,,,,,,,,Tattoo flash,Jet Spine,,,,,,,,,,,,,,Mariia - Beezz_zart,Session length varies,,,,Personalized service
beezz-flash-6a954dda4b64,https://beezz-zart.ca/Website%20Images/Flashes/All%20Body%20parts%20Flashes/All%20Body%20Front%20Flashes%20/All%20Body%20Front%20Flashes%2014.webp?v=132,Beezz_zart,"Mote Wreath blackwork flash, tattooed once, Beezz_zart. Request this design via the link.",Mote Wreath,https://beezz-zart.ca/flash-quote.html?style=all&part=all&flash=Website+Images%2FFlashes%2FAll+Body+parts+Flashes%2FAll+Body+Front+Flashes+%2FAll+Body+Front+Flashes+14.webp,,,,,,,,,,,,,,,Tattoo flash,Mote Wreath,,,,,,,,,,,,,,Mariia - Beezz_zart,Session length varies,,,,Personalized service
beezz-flash-3ce27259a103,https://beezz-zart.ca/Website%20Images/Flashes/All%20Body%20parts%20Flashes/All%20Body%20Front%20Flashes%20/All%20Body%20Front%20Flashes%2015.webp?v=132,Beezz_zart,"Arc Lantern blackwork flash, tattooed once, Beezz_zart. Request this design via the link.",Arc Lantern,https://beezz-zart.ca/flash-quote.html?style=all&part=all&flash=Website+Images%2FFlashes%2FAll+Body+parts+Flashes%2FAll+Body+Front+Flashes+%2FAll+Body+Front+Flashes+15.webp,,,,,,,,,,,,,,,Tattoo flash,Arc Lantern,,,,,,,,,,,,,,Mariia - Beezz_zart,Session length varies,,,,Personalized service
beezz-flash-b6361587ff37,https://beezz-zart.ca/Website%20Images/Flashes/All%20Body%20parts%20Flashes/All%20Body%20Front%20Flashes%20/All%20Body%20Front%20Flashes%2016.webp?v=132,Beezz_zart,"Obsidian Hymn blackwork flash, tattooed once, Beezz_zart. Request this design via the link.",Obsidian Hymn,https://beezz-zart.ca/flash-quote.html?style=all&part=all&flash=Website+Images%2FFlashes%2FAll+Body+parts+Flashes%2FAll+Body+Front+Flashes+%2FAll+Body+Front+Flashes+16.webp,,,,,,,,,,,,,,,Tattoo flash,Obsidian Hymn,,,,,,,,,,,,,,Mariia - Beezz_zart,Session length varies,,,,Personalized service
beezz-flash-8d121e808f41,https://beezz-zart.ca/Website%20Images/Flashes/All%20Body%20parts%20Flashes/All%20Body%20Front%20Flashes%20/All%20Body%20Front%20Flashes%2017.webp?v=132,Beezz_zart,"Fracture Icon blackwork flash, tattooed once, Beezz_zart. Request this design via the link.",Fracture Icon,https://beezz-zart.ca/flash-quote.html?style=all&part=all&flash=Website+Images%2FFlashes%2FAll+Body+parts+Flashes%2FAll+Body+Front+Flashes+%2FAll+Body+Front+Flashes+17.webp,,,,,,,,,,,,,,,Tattoo flash,Fracture Icon,,,,,,,,,,,,,,Mariia - Beezz_zart,Session length varies,,,,Personalized service
beezz-flash-01166d8af033,https://beezz-zart.ca/Website%20Images/Flashes/All%20Body%20parts%20Flashes/All%20Body%20Front%20Flashes%20/All%20Body%20Front%20Flashes%2018.webp?v=132,Beezz_zart,"Ruin Nightfall blackwork flash, tattooed once, Beezz_zart. Request this design via the link.",Ruin Nightfall,https://beezz-zart.ca/flash-quote.html?style=all&part=all&flash=Website+Images%2FFlashes%2FAll+Body+parts+Flashes%2FAll+Body+Front+Flashes+%2FAll+Body+Front+Flashes+18.webp,,,,,,,,,,,,,,,Tattoo flash,Ruin Nightfall,,,,,,,,,,,,,,Mariia - Beezz_zart,Session length varies,,,,Personalized service
beezz-flash-fa0a47392d61,https://beezz-zart.ca/Website%20Images/Flashes/All%20Body%20parts%20Flashes/All%20Body%20Front%20Flashes%20/All%20Body%20Front%20Flashes%2019.webp?v=132,Beezz_zart,"Fracture Shard blackwork flash, tattooed once, Beezz_zart. Request this design via the link.",Fracture Shard,https://beezz-zart.ca/flash-quote.html?style=all&part=all&flash=Website+Images%2FFlashes%2FAll+Body+parts+Flashes%2FAll+Body+Front+Flashes+%2FAll+Body+Front+Flashes+19.webp,,,,,,,,,,,,,,,Tattoo flash,Fracture Shard,,,,,,,,,,,,,,Mariia - Beezz_zart,Session length varies,,,,Personalized service
beezz-flash-4901fb877627,https://beezz-zart.ca/Website%20Images/Flashes/All%20Body%20parts%20Flashes/All%20Body%20Front%20Flashes%20/All%20Body%20Front%20Flashes%2020.webp?v=132,Beezz_zart,"Broken Kindling blackwork flash, tattooed once, Beezz_zart. Request this design via the link.",Broken Kindling,https://beezz-zart.ca/flash-quote.html?style=all&part=all&flash=Website+Images%2FFlashes%2FAll+Body+parts+Flashes%2FAll+Body+Front+Flashes+%2FAll+Body+Front+Flashes+20.webp,,,,,,,,,,,,,,,Tattoo flash,Broken Kindling,,,,,,,,,,,,,,Mariia - Beezz_zart,Session length varies,,,,Personalized service
beezz-flash-a65227cc0dbe,https://beezz-zart.ca/Website%20Images/Flashes/All%20Body%20parts%20Flashes/All%20Body%20Front%20Flashes%20/All%20Body%20Front%20Flashes%2021.webp?v=132,Beezz_zart,"Hidden Nexus blackwork flash, tattooed once, Beezz_zart. Request this design via the link.",Hidden Nexus,https://beezz-zart.ca/flash-quote.html?style=all&part=all&flash=Website+Images%2FFlashes%2FAll+Body+parts+Flashes%2FAll+Body+Front+Flashes+%2FAll+Body+Front+Flashes+21.webp,,,,,,,,,,,,,,,Tattoo flash,Hidden Nexus,,,,,,,,,,,,,,Mariia - Beezz_zart,Session length varies,,,,Personalized service
beezz-flash-e3b7c8a0d479,https://beezz-zart.ca/Website%20Images/Flashes/All%20Body%20parts%20Flashes/All%20Body%20Front%20Flashes%20/All%20Body%20Front%20Flashes%2022.webp?v=132,Beezz_zart,"Broken Fang blackwork flash, tattooed once, Beezz_zart. Request this design via the link.",Broken Fang,https://beezz-zart.ca/flash-quote.html?style=all&part=all&flash=Website+Images%2FFlashes%2FAll+Body+parts+Flashes%2FAll+Body+Front+Flashes+%2FAll+Body+Front+Flashes+22.webp,,,,,,,,,,,,,,,Tattoo flash,Broken Fang,,,,,,,,,,,,,,Mariia - Beezz_zart,Session length varies,,,,Personalized service
beezz-flash-2a969d94ad15,https://beezz-zart.ca/Website%20Images/Flashes/All%20Body%20parts%20Flashes/All%20Body%20Front%20Flashes%20/All%20Body%20Front%20Flashes%2023.webp?v=132,Beezz_zart,"Rift Branch blackwork flash, tattooed once, Beezz_zart. Request this design via the link.",Rift Branch,https://beezz-zart.ca/flash-quote.html?style=all&part=all&flash=Website+Images%2FFlashes%2FAll+Body+parts+Flashes%2FAll+Body+Front+Flashes+%2FAll+Body+Front+Flashes+23.webp,,,,,,,,,,,,,,,Tattoo flash,Rift Branch,,,,,,,,,,,,,,Mariia - Beezz_zart,Session length varies,,,,Personalized service
beezz-flash-7115fdba5c59,https://beezz-zart.ca/Website%20Images/Flashes/All%20Body%20parts%20Flashes/All%20Body%20Front%20Flashes%20/All%20Body%20Front%20Flashes%2024.webp?v=132,Beezz_zart,"Mote Fable blackwork flash, tattooed once, Beezz_zart. Request this design via the link.",Mote Fable,https://beezz-zart.ca/flash-quote.html?style=all&part=all&flash=Website+Images%2FFlashes%2FAll+Body+parts+Flashes%2FAll+Body+Front+Flashes+%2FAll+Body+Front+Flashes+24.webp,,,,,,,,,,,,,,,Tattoo flash,Mote Fable,,,,,,,,,,,,,,Mariia - Beezz_zart,Session length varies,,,,Personalized service
beezz-flash-6d46ef4f80f5,https://beezz-zart.ca/Website%20Images/Flashes/All%20Body%20parts%20Flashes/All%20Body%20Front%20Flashes%20/All%20Body%20Front%20Flashes%2025.webp?v=132,Beezz_zart,"Haze Nightfall blackwork flash, tattooed once, Beezz_zart. Request this design via the link.",Haze Nightfall,https://beezz-zart.ca/flash-quote.html?style=all&part=all&flash=Website+Images%2FFlashes%2FAll+Body+parts+Flashes%2FAll+Body+Front+Flashes+%2FAll+Body+Front+Flashes+25.webp,,,,,,,,,,,,,,,Tattoo flash,Haze Nightfall,,,,,,,,,,,,,,Mariia - Beezz_zart,Session length varies,,,,Personalized service
beezz-flash-9305bc27ddf9,https://beezz-zart.ca/Website%20Images/Flashes/Flashes-Full-Front-1.webp?v=132,Beezz_zart,"Iron Oath blackwork flash, tattooed once, Beezz_zart. Request this design via the link.",Iron Oath,https://beezz-zart.ca/flash-quote.html?style=all&part=all&flash=Website+Images%2FFlashes%2FFlashes-Full-Front-1.webp,,,,,,,,,,,,,,,Tattoo flash,Iron Oath,,,,,,,,,,,,,,Mariia - Beezz_zart,Session length varies,,,,Personalized service
beezz-flash-c98d69d7e9f6,https://beezz-zart.ca/Website%20Images/Flashes/Flashes-Full-Front-2.webp?v=132,Beezz_zart,"Grim Mirage blackwork flash, tattooed once, Beezz_zart. Request this design via the link.",Grim Mirage,https://beezz-zart.ca/flash-quote.html?style=all&part=all&flash=Website+Images%2FFlashes%2FFlashes-Full-Front-2.webp,,,,,,,,,,,,,,,Tattoo flash,Grim Mirage,,,,,,,,,,,,,,Mariia - Beezz_zart,Session length varies,,,,Personalized service
beezz-flash-5e8bcc0f699c,https://beezz-zart.ca/Website%20Images/Flashes/Flashes-Stomach-1.webp?v=132,Beezz_zart,"Ledge Crown blackwork flash, tattooed once, Beezz_zart. Request this design via the link.",Ledge Crown,https://beezz-zart.ca/flash-quote.html?style=all&part=all&flash=Website+Images%2FFlashes%2FFlashes-Stomach-1.webp,,,,,,,,,,,,,,,Tattoo flash,Ledge Crown,,,,,,,,,,,,,,Mariia - Beezz_zart,Session length varies,,,,Personalized service
beezz-flash-4efd880e0205,https://beezz-zart.ca/Website%20Images/Flashes/Flashes-Stomach-2.webp?v=132,Beezz_zart,"Omen Branch blackwork flash, tattooed once, Beezz_zart. Request this design via the link.",Omen Branch,https://beezz-zart.ca/flash-quote.html?style=all&part=all&flash=Website+Images%2FFlashes%2FFlashes-Stomach-2.webp,,,,,,,,,,,,,,,Tattoo flash,Omen Branch,,,,,,,,,,,,,,Mariia - Beezz_zart,Session length varies,,,,Personalized service
beezz-flash-01dbc39a9c19,https://beezz-zart.ca/Website%20Images/Flashes/Flashes-Stomach-3.webp?v=132,Beezz_zart,"Pulse Keep blackwork flash, tattooed once, Beezz_zart. Request this design via the link.",Pulse Keep,https://beezz-zart.ca/flash-quote.html?style=all&part=all&flash=Website+Images%2FFlashes%2FFlashes-Stomach-3.webp,,,,,,,,,,,,,,,Tattoo flash,Pulse Keep,,,,,,,,,,,,,,Mariia - Beezz_zart,Session length varies,,,,Personalized service
beezz-flash-def3b3d55969,https://beezz-zart.ca/Website%20Images/Flashes/Flashes-Stomach-4.webp?v=132,Beezz_zart,"Void Loom blackwork flash, tattooed once, Beezz_zart. Request this design via the link.",Void Loom,https://beezz-zart.ca/flash-quote.html?style=all&part=all&flash=Website+Images%2FFlashes%2FFlashes-Stomach-4.webp,,,,,,,,,,,,,,,Tattoo flash,Void Loom,,,,,,,,,,,,,,Mariia - Beezz_zart,Session length varies,,,,Personalized service
beezz-flash-80264e843e3c,https://beezz-zart.ca/Website%20Images/Flashes/Flashes-Stomach-5.webp?v=132,Beezz_zart,"Omen Storm blackwork flash, tattooed once, Beezz_zart. Request this design via the link.",Omen Storm,https://beezz-zart.ca/flash-quote.html?style=all&part=all&flash=Website+Images%2FFlashes%2FFlashes-Stomach-5.webp,,,,,,,,,,,,,,,Tattoo flash,Omen Storm,,,,,,,,,,,,,,Mariia - Beezz_zart,Session length varies,,,,Personalized service
beezz-flash-70abea9945ed,https://beezz-zart.ca/Website%20Images/Flashes/Flashes-Stomach-6.webp?v=132,Beezz_zart,"Lament Sigil blackwork flash, tattooed once, Beezz_zart. Request this design via the link.",Lament Sigil,https://beezz-zart.ca/flash-quote.html?style=all&part=all&flash=Website+Images%2FFlashes%2FFlashes-Stomach-6.webp,,,,,,,,,,,,,,,Tattoo flash,Lament Sigil,,,,,,,,,,,,,,Mariia - Beezz_zart,Session length varies,,,,Personalized service
beezz-flash-5fdbb61b4094,https://beezz-zart.ca/Website%20Images/Flashes/Flashes-Stomach-7.webp?v=132,Beezz_zart,"Drift Fang blackwork flash, tattooed once, Beezz_zart. Request this design via the link.",Drift Fang,https://beezz-zart.ca/flash-quote.html?style=all&part=all&flash=Website+Images%2FFlashes%2FFlashes-Stomach-7.webp,,,,,,,,,,,,,,,Tattoo flash,Drift Fang,,,,,,,,,,,,,,Mariia - Beezz_zart,Session length varies,,,,Personalized service
beezz-flash-7e7037c08fd8,https://beezz-zart.ca/Website%20Images/Flashes/Flashes-Stomach-8.webp?v=132,Beezz_zart,"Lament Fang blackwork flash, tattooed once, Beezz_zart. Request this design via the link.",Lament Fang,https://beezz-zart.ca/flash-quote.html?style=all&part=all&flash=Website+Images%2FFlashes%2FFlashes-Stomach-8.webp,,,,,,,,,,,,,,,Tattoo flash,Lament Fang,,,,,,,,,,,,,,Mariia - Beezz_zart,Session length varies,,,,Personalized service
beezz-flash-64a5fe3dc2de,https://beezz-zart.ca/Website%20Images/Flashes/Flashes-Stomach-9.webp?v=132,Beezz_zart,"Mist Nightfall blackwork flash, tattooed once, Beezz_zart. Request this design via the link.",Mist Nightfall,https://beezz-zart.ca/flash-quote.html?style=all&part=all&flash=Website+Images%2FFlashes%2FFlashes-Stomach-9.webp,,,,,,,,,,,,,,,Tattoo flash,Mist Nightfall,,,,,,,,,,,,,,Mariia - Beezz_zart,Session length varies,,,,Personalized service
beezz-flash-ff4422727cc7,https://beezz-zart.ca/Website%20Images/Flashes/Flashes-Chest-1.webp?v=132,Beezz_zart,"Jagged Wound blackwork flash, tattooed once, Beezz_zart. Request this design via the link.",Jagged Wound,https://beezz-zart.ca/flash-quote.html?style=all&part=all&flash=Website+Images%2FFlashes%2FFlashes-Chest-1.webp,,,,,,,,,,,,,,,Tattoo flash,Jagged Wound,,,,,,,,,,,,,,Mariia - Beezz_zart,Session length varies,,,,Personalized service
beezz-flash-4bf199b58f93,https://beezz-zart.ca/Website%20Images/Flashes/Flashes-Chest-2.webp?v=132,Beezz_zart,"Ink Iris blackwork flash, tattooed once, Beezz_zart. Request this design via the link.",Ink Iris,https://beezz-zart.ca/flash-quote.html?style=all&part=all&flash=Website+Images%2FFlashes%2FFlashes-Chest-2.webp,,,,,,,,,,,,,,,Tattoo flash,Ink Iris,,,,,,,,,,,,,,Mariia - Beezz_zart,Session length varies,,,,Personalized service
beezz-flash-bcea77156ff7,https://beezz-zart.ca/Website%20Images/Flashes/Flashes-Chest-3.webp?v=132,Beezz_zart,"Nettle Kindling blackwork flash, tattooed once, Beezz_zart. Request this design via the link.",Nettle Kindling,https://beezz-zart.ca/flash-quote.html?style=all&part=all&flash=Website+Images%2FFlashes%2FFlashes-Chest-3.webp,,,,,,,,,,,,,,,Tattoo flash,Nettle Kindling,,,,,,,,,,,,,,Mariia - Beezz_zart,Session length varies,,,,Personalized service
beezz-flash-cf2dbe5d6c1b,https://beezz-zart.ca/Website%20Images/Flashes/Flashes-Chest-4.webp?v=132,Beezz_zart,"Sacred Plume blackwork flash, tattooed once, Beezz_zart. Request this design via the link.",Sacred Plume,https://beezz-zart.ca/flash-quote.html?style=all&part=all&flash=Website+Images%2FFlashes%2FFlashes-Chest-4.webp,,,,,,,,,,,,,,,Tattoo flash,Sacred Plume,,,,,,,,,,,,,,Mariia - Beezz_zart,Session length varies,,,,Personalized service
beezz-flash-f7ecf759572e,https://beezz-zart.ca/Website%20Images/Flashes/Flashes-Chest-5.webp?v=132,Beezz_zart,"Edge Storm blackwork flash, tattooed once, Beezz_zart. Request this design via the link.",Edge Storm,https://beezz-zart.ca/flash-quote.html?style=all&part=all&flash=Website+Images%2FFlashes%2FFlashes-Chest-5.webp,,,,,,,,,,,,,,,Tattoo flash,Edge Storm,,,,,,,,,,,,,,Mariia - Beezz_zart,Session length varies,,,,Personalized service
beezz-flash-b0da3d06291e,https://beezz-zart.ca/Website%20Images/Flashes/Flashes-Chest-6.webp?v=132,Beezz_zart,"Ink Vine blackwork flash, tattooed once, Beezz_zart. Request this design via the link.",Ink Vine,https://beezz-zart.ca/flash-quote.html?style=all&part=all&flash=Website+Images%2FFlashes%2FFlashes-Chest-6.webp,,,,,,,,,,,,,,,Tattoo flash,Ink Vine,,,,,,,,,,,,,,Mariia - Beezz_zart,Session length varies,,,,Personalized service
beezz-flash-355585ca93d5,https://beezz-zart.ca/Website%20Images/Flashes/Flashes-Chest-7.webp?v=132,Beezz_zart,"Hidden Ripple blackwork flash, tattooed once, Beezz_zart. Request this design via the link.",Hidden Ripple,https://beezz-zart.ca/flash-quote.html?style=all&part=all&flash=Website+Images%2FFlashes%2FFlashes-Chest-7.webp,,,,,,,,,,,,,,,Tattoo flash,Hidden Ripple,,,,,,,,,,,,,,Mariia - Beezz_zart,Session length varies,,,,Personalized service
beezz-flash-b5b97ed85414,https://beezz-zart.ca/Website%20Images/Flashes/Flashes-Chest-8.webp?v=132,Beezz_zart,"Bind Mirage blackwork flash, tattooed once, Beezz_zart. Request this design via the link.",Bind Mirage,https://beezz-zart.ca/flash-quote.html?style=all&part=all&flash=Website+Images%2FFlashes%2FFlashes-Chest-8.webp,,,,,,,,,,,,,,,Tattoo flash,Bind Mirage,,,,,,,,,,,,,,Mariia - Beezz_zart,Session length varies,,,,Personalized service
beezz-flash-2b9830aac7f5,https://beezz-zart.ca/Website%20Images/Flashes/Flashes-Chest-9.webp?v=132,Beezz_zart,"Jagged Drift blackwork flash, tattooed once, Beezz_zart. Request this design via the link.",Jagged Drift,https://beezz-zart.ca/flash-quote.html?style=all&part=all&flash=Website+Images%2FFlashes%2FFlashes-Chest-9.webp,,,,,,,,,,,,,,,Tattoo flash,Jagged Drift,,,,,,,,,,,,,,Mariia - Beezz_zart,Session length varies,,,,Personalized service
beezz-flash-7e57fb0b48ab,https://beezz-zart.ca/Website%20Images/Flashes/Flashes-Nipples-1.webp?v=132,Beezz_zart,"Pale Flow blackwork flash, tattooed once, Beezz_zart. Request this design via the link.",Pale Flow,https://beezz-zart.ca/flash-quote.html?style=all&part=all&flash=Website+Images%2FFlashes%2FFlashes-Nipples-1.webp,,,,,,,,,,,,,,,Tattoo flash,Pale Flow,,,,,,,,,,,,,,Mariia - Beezz_zart,Session length varies,,,,Personalized service
beezz-flash-146be77ca2bb,https://beezz-zart.ca/Website%20Images/Flashes/Flashes-Nipples-2.webp?v=132,Beezz_zart,"Bitter Root blackwork flash, tattooed once, Beezz_zart. Request this design via the link.",Bitter Root,https://beezz-zart.ca/flash-quote.html?style=all&part=all&flash=Website+Images%2FFlashes%2FFlashes-Nipples-2.webp,,,,,,,,,,,,,,,Tattoo flash,Bitter Root,,,,,,,,,,,,,,Mariia - Beezz_zart,Session length varies,,,,Personalized service
beezz-flash-c2ca060acdba,https://beezz-zart.ca/Website%20Images/Flashes/Flashes-Nipples-3.webp?v=132,Beezz_zart,"Sacred Ghost blackwork flash, tattooed once, Beezz_zart. Request this design via the link.",Sacred Ghost,https://beezz-zart.ca/flash-quote.html?style=all&part=all&flash=Website+Images%2FFlashes%2FFlashes-Nipples-3.webp,,,,,,,,,,,,,,,Tattoo flash,Sacred Ghost,,,,,,,,,,,,,,Mariia - Beezz_zart,Session length varies,,,,Personalized service
beezz-flash-4df355da2399,https://beezz-zart.ca/Website%20Images/Flashes/All%20Body%20parts%20Flashes/All%20Back%20Flashes%20/All%20Back%20Flashes%201.webp?v=132,Beezz_zart,"Rift Vine blackwork flash, tattooed once, Beezz_zart. Request this design via the link.",Rift Vine,https://beezz-zart.ca/flash-quote.html?style=all&part=all&flash=Website+Images%2FFlashes%2FAll+Body+parts+Flashes%2FAll+Back+Flashes+%2FAll+Back+Flashes+1.webp,,,,,,,,,,,,,,,Tattoo flash,Rift Vine,,,,,,,,,,,,,,Mariia - Beezz_zart,Session length varies,,,,Personalized service
beezz-flash-c31c82d316b2,https://beezz-zart.ca/Website%20Images/Flashes/All%20Body%20parts%20Flashes/All%20Back%20Flashes%20/All%20Back%20Flashes%202.webp?v=132,Beezz_zart,"Hollow Branch blackwork flash, tattooed once, Beezz_zart. Request this design via the link.",Hollow Branch,https://beezz-zart.ca/flash-quote.html?style=all&part=all&flash=Website+Images%2FFlashes%2FAll+Body+parts+Flashes%2FAll+Back+Flashes+%2FAll+Back+Flashes+2.webp,,,,,,,,,,,,,,,Tattoo flash,Hollow Branch,,,,,,,,,,,,,,Mariia - Beezz_zart,Session length varies,,,,Personalized service
beezz-flash-b79a6e225846,https://beezz-zart.ca/Website%20Images/Flashes/All%20Body%20parts%20Flashes/All%20Back%20Flashes%20/All%20Back%20Flashes%203.webp?v=132,Beezz_zart,"Lament Ember blackwork flash, tattooed once, Beezz_zart. Request this design via the link.",Lament Ember,https://beezz-zart.ca/flash-quote.html?style=all&part=all&flash=Website+Images%2FFlashes%2FAll+Body+parts+Flashes%2FAll+Back+Flashes+%2FAll+Back+Flashes+3.webp,,,,,,,,,,,,,,,Tattoo flash,Lament Ember,,,,,,,,,,,,,,Mariia - Beezz_zart,Session length varies,,,,Personalized service
beezz-flash-4f68e7b24c43,https://beezz-zart.ca/Website%20Images/Flashes/All%20Body%20parts%20Flashes/All%20Back%20Flashes%20/All%20Back%20Flashes%204.webp?v=132,Beezz_zart,"Bitter Bolt blackwork flash, tattooed once, Beezz_zart. Request this design via the link.",Bitter Bolt,https://beezz-zart.ca/flash-quote.html?style=all&part=all&flash=Website+Images%2FFlashes%2FAll+Body+parts+Flashes%2FAll+Back+Flashes+%2FAll+Back+Flashes+4.webp,,,,,,,,,,,,,,,Tattoo flash,Bitter Bolt,,,,,,,,,,,,,,Mariia - Beezz_zart,Session length varies,,,,Personalized service
beezz-flash-b49d51e6567d,https://beezz-zart.ca/Website%20Images/Flashes/All%20Body%20parts%20Flashes/All%20Back%20Flashes%20/All%20Back%20Flashes%205.webp?v=132,Beezz_zart,"Bleak Vault blackwork flash, tattooed once, Beezz_zart. Request this design via the link.",Bleak Vault,https://beezz-zart.ca/flash-quote.html?style=all&part=all&flash=Website+Images%2FFlashes%2FAll+Body+parts+Flashes%2FAll+Back+Flashes+%2FAll+Back+Flashes+5.webp,,,,,,,,,,,,,,,Tattoo flash,Bleak Vault,,,,,,,,,,,,,,Mariia - Beezz_zart,Session length varies,,,,Personalized service
beezz-flash-d14c4a6dbe60,https://beezz-zart.ca/Website%20Images/Flashes/All%20Body%20parts%20Flashes/All%20Back%20Flashes%20/All%20Back%20Flashes%206.webp?v=132,Beezz_zart,"Umber Orb blackwork flash, tattooed once, Beezz_zart. Request this design via the link.",Umber Orb,https://beezz-zart.ca/flash-quote.html?style=all&part=all&flash=Website+Images%2FFlashes%2FAll+Body+parts+Flashes%2FAll+Back+Flashes+%2FAll+Back+Flashes+6.webp,,,,,,,,,,,,,,,Tattoo flash,Umber Orb,,,,,,,,,,,,,,Mariia - Beezz_zart,Session length varies,,,,Personalized service
beezz-flash-0051474840c5,https://beezz-zart.ca/Website%20Images/Flashes/All%20Body%20parts%20Flashes/All%20Back%20Flashes%20/All%20Back%20Flashes%207.webp?v=132,Beezz_zart,"Dagger Dawn blackwork flash, tattooed once, Beezz_zart. Request this design via the link.",Dagger Dawn,https://beezz-zart.ca/flash-quote.html?style=all&part=all&flash=Website+Images%2FFlashes%2FAll+Body+parts+Flashes%2FAll+Back+Flashes+%2FAll+Back+Flashes+7.webp,,,,,,,,,,,,,,,Tattoo flash,Dagger Dawn,,,,,,,,,,,,,,Mariia - Beezz_zart,Session length varies,,,,Personalized service
beezz-flash-35dfae605db9,https://beezz-zart.ca/Website%20Images/Flashes/All%20Body%20parts%20Flashes/All%20Back%20Flashes%20/All%20Back%20Flashes%208.webp?v=132,Beezz_zart,"Cold Crown blackwork flash, tattooed once, Beezz_zart. Request this design via the link.",Cold Crown,https://beezz-zart.ca/flash-quote.html?style=all&part=all&flash=Website+Images%2FFlashes%2FAll+Body+parts+Flashes%2FAll+Back+Flashes+%2FAll+Back+Flashes+8.webp,,,,,,,,,,,,,,,Tattoo flash,Cold Crown,,,,,,,,,,,,,,Mariia - Beezz_zart,Session length varies,,,,Personalized service
beezz-flash-b2de4b55c3b4,https://beezz-zart.ca/Website%20Images/Flashes/Flashes-Back-1.webp?v=132,Beezz_zart,"Thorn Mark blackwork flash, tattooed once, Beezz_zart. Request this design via the link.",Thorn Mark,https://beezz-zart.ca/flash-quote.html?style=all&part=all&flash=Website+Images%2FFlashes%2FFlashes-Back-1.webp,,,,,,,,,,,,,,,Tattoo flash,Thorn Mark,,,,,,,,,,,,,,Mariia - Beezz_zart,Session length varies,,,,Personalized service
beezz-flash-27118f836851,https://beezz-zart.ca/Website%20Images/Flashes/Flashes-Back-2.webp?v=132,Beezz_zart,"Bitter Kindling blackwork flash, tattooed once, Beezz_zart. Request this design via the link.",Bitter Kindling,https://beezz-zart.ca/flash-quote.html?style=all&part=all&flash=Website+Images%2FFlashes%2FFlashes-Back-2.webp,,,,,,,,,,,,,,,Tattoo flash,Bitter Kindling,,,,,,,,,,,,,,Mariia - Beezz_zart,Session length varies,,,,Personalized service
beezz-flash-b5c17041d7ba,https://beezz-zart.ca/Website%20Images/Flashes/Flashes-Back-3.webp?v=132,Beezz_zart,"Zenith Relic blackwork flash, tattooed once, Beezz_zart. Request this design via the link.",Zenith Relic,https://beezz-zart.ca/flash-quote.html?style=all&part=all&flash=Website+Images%2FFlashes%2FFlashes-Back-3.webp,,,,,,,,,,,,,,,Tattoo flash,Zenith Relic,,,,,,,,,,,,,,Mariia - Beezz_zart,Session length varies,,,,Personalized service
beezz-flash-62fc6ac68c47,https://beezz-zart.ca/Website%20Images/Flashes/Flashes-Spine-1.webp?v=132,Beezz_zart,"Pulse Crown blackwork flash, tattooed once, Beezz_zart. Request this design via the link.",Pulse Crown,https://beezz-zart.ca/flash-quote.html?style=all&part=all&flash=Website+Images%2FFlashes%2FFlashes-Spine-1.webp,,,,,,,,,,,,,,,Tattoo flash,Pulse Crown,,,,,,,,,,,,,,Mariia - Beezz_zart,Session length varies,,,,Personalized service
beezz-flash-b4e9901d0620,https://beezz-zart.ca/Website%20Images/Flashes/Flashes-Lower-Back-1.webp?v=132,Beezz_zart,"Velvet Keep blackwork flash, tattooed once, Beezz_zart. Request this design via the link.",Velvet Keep,https://beezz-zart.ca/flash-quote.html?style=all&part=all&flash=Website+Images%2FFlashes%2FFlashes-Lower-Back-1.webp,,,,,,,,,,,,,,,Tattoo flash,Velvet Keep,,,,,,,,,,,,,,Mariia - Beezz_zart,Session length varies,,,,Personalized service
beezz-flash-5273880b229a,https://beezz-zart.ca/Website%20Images/Flashes/Flashes-Lower-Back-2.webp?v=132,Beezz_zart,"Glass Drift blackwork flash, tattooed once, Beezz_zart. Request this design via the link.",Glass Drift,https://beezz-zart.ca/flash-quote.html?style=all&part=all&flash=Website+Images%2FFlashes%2FFlashes-Lower-Back-2.webp,,,,,,,,,,,,,,,Tattoo flash,Glass Drift,,,,,,,,,,,,,,Mariia - Beezz_zart,Session length varies,,,,Personalized service
beezz-flash-571bd3d8dac2,https://beezz-zart.ca/Website%20Images/Flashes/All%20Body%20parts%20Flashes/All%20Head%20Flashes%20/All%20Head%20Flashes%201.webp?v=132,Beezz_zart,"Bitter Drift blackwork flash, tattooed once, Beezz_zart. Request this design via the link.",Bitter Drift,https://beezz-zart.ca/flash-quote.html?style=all&part=all&flash=Website+Images%2FFlashes%2FAll+Body+parts+Flashes%2FAll+Head+Flashes+%2FAll+Head+Flashes+1.webp,,,,,,,,,,,,,,,Tattoo flash,Bitter Drift,,,,,,,,,,,,,,Mariia - Beezz_zart,Session length varies,,,,Personalized service
beezz-flash-060455588930,https://beezz-zart.ca/Website%20Images/Flashes/All%20Body%20parts%20Flashes/All%20Head%20Flashes%20/All%20Head%20Flashes%202.webp?v=132,Beezz_zart,"Glass Icon blackwork flash, tattooed once, Beezz_zart. Request this design via the link.",Glass Icon,https://beezz-zart.ca/flash-quote.html?style=all&part=all&flash=Website+Images%2FFlashes%2FAll+Body+parts+Flashes%2FAll+Head+Flashes+%2FAll+Head+Flashes+2.webp,,,,,,,,,,,,,,,Tattoo flash,Glass Icon,,,,,,,,,,,,,,Mariia - Beezz_zart,Session length varies,,,,Personalized service
beezz-flash-925a5684cedd,https://beezz-zart.ca/Website%20Images/Flashes/All%20Body%20parts%20Flashes/All%20Head%20Flashes%20/All%20Head%20Flashes%203.webp?v=132,Beezz_zart,"Quill Hymn blackwork flash, tattooed once, Beezz_zart. Request this design via the link.",Quill Hymn,https://beezz-zart.ca/flash-quote.html?style=all&part=all&flash=Website+Images%2FFlashes%2FAll+Body+parts+Flashes%2FAll+Head+Flashes+%2FAll+Head+Flashes+3.webp,,,,,,,,,,,,,,,Tattoo flash,Quill Hymn,,,,,,,,,,,,,,Mariia - Beezz_zart,Session length varies,,,,Personalized service
beezz-flash-77c01c430e9a,https://beezz-zart.ca/Website%20Images/Flashes/All%20Body%20parts%20Flashes/All%20Head%20Flashes%20/All%20Head%20Flashes%204.webp?v=132,Beezz_zart,"Edge Tide blackwork flash, tattooed once, Beezz_zart. Request this design via the link.",Edge Tide,https://beezz-zart.ca/flash-quote.html?style=all&part=all&flash=Website+Images%2FFlashes%2FAll+Body+parts+Flashes%2FAll+Head+Flashes+%2FAll+Head+Flashes+4.webp,,,,,,,,,,,,,,,Tattoo flash,Edge Tide,,,,,,,,,,,,,,Mariia - Beezz_zart,Session length varies,,,,Personalized service
beezz-flash-b047cf8b8205,https://beezz-zart.ca/Website%20Images/Flashes/All%20Body%20parts%20Flashes/All%20Head%20Flashes%20/All%20Head%20Flashes%205.webp?v=132,Beezz_zart,"Void Nova blackwork flash, tattooed once, Beezz_zart. Request this design via the link.",Void Nova,https://beezz-zart.ca/flash-quote.html?style=all&part=all&flash=Website+Images%2FFlashes%2FAll+Body+parts+Flashes%2FAll+Head+Flashes+%2FAll+Head+Flashes+5.webp,,,,,,,,,,,,,,,Tattoo flash,Void Nova,,,,,,,,,,,,,,Mariia - Beezz_zart,Session length varies,,,,Personalized service
beezz-flash-da37c04a646a,https://beezz-zart.ca/Website%20Images/Flashes/All%20Body%20parts%20Flashes/All%20Head%20Flashes%20/All%20Head%20Flashes%206.webp?v=132,Beezz_zart,"Fracture Kindling blackwork flash, tattooed once, Beezz_zart. Request this design via the link.",Fracture Kindling,https://beezz-zart.ca/flash-quote.html?style=all&part=all&flash=Website+Images%2FFlashes%2FAll+Body+parts+Flashes%2FAll+Head+Flashes+%2FAll+Head+Flashes+6.webp,,,,,,,,,,,,,,,Tattoo flash,Fracture Kindling,,,,,,,,,,,,,,Mariia - Beezz_zart,Session length varies,,,,Personalized service
beezz-flash-8e242f9ce55a,https://beezz-zart.ca/Website%20Images/Flashes/All%20Body%20parts%20Flashes/All%20Head%20Flashes%20/%20All%20Head%20Flashes%207.webp?v=132,Beezz_zart,"Bitter Sigil blackwork flash, tattooed once, Beezz_zart. Request this design via the link.",Bitter Sigil,https://beezz-zart.ca/flash-quote.html?style=all&part=all&flash=Website+Images%2FFlashes%2FAll+Body+parts+Flashes%2FAll+Head+Flashes+%2F+All+Head+Flashes+7.webp,,,,,,,,,,,,,,,Tattoo flash,Bitter Sigil,,,,,,,,,,,,,,Mariia - Beezz_zart,Session length varies,,,,Personalized service
beezz-flash-8a03facf6f0e,https://beezz-zart.ca/Website%20Images/Flashes/All%20Body%20parts%20Flashes/All%20Head%20Flashes%20/All%20Head%20Flashes%208.webp?v=132,Beezz_zart,"Violet Inkwell blackwork flash, tattooed once, Beezz_zart. Request this design via the link.",Violet Inkwell,https://beezz-zart.ca/flash-quote.html?style=all&part=all&flash=Website+Images%2FFlashes%2FAll+Body+parts+Flashes%2FAll+Head+Flashes+%2FAll+Head+Flashes+8.webp,,,,,,,,,,,,,,,Tattoo flash,Violet Inkwell,,,,,,,,,,,,,,Mariia - Beezz_zart,Session length varies,,,,Personalized service
beezz-flash-e21012b389f8,https://beezz-zart.ca/Website%20Images/Flashes/All%20Body%20parts%20Flashes/All%20Head%20Flashes%20/All%20Head%20Flashes%209.webp?v=132,Beezz_zart,"Smoke Hymn blackwork flash, tattooed once, Beezz_zart. Request this design via the link.",Smoke Hymn,https://beezz-zart.ca/flash-quote.html?style=all&part=all&flash=Website+Images%2FFlashes%2FAll+Body+parts+Flashes%2FAll+Head+Flashes+%2FAll+Head+Flashes+9.webp,,,,,,,,,,,,,,,Tattoo flash,Smoke Hymn,,,,,,,,,,,,,,Mariia - Beezz_zart,Session length varies,,,,Personalized service
beezz-flash-43b3916594ab,https://beezz-zart.ca/Website%20Images/Flashes/All%20Body%20parts%20Flashes/All%20Head%20Flashes%20/All%20Head%20Flashes%2010.webp?v=132,Beezz_zart,"Iron Myth blackwork flash, tattooed once, Beezz_zart. Request this design via the link.",Iron Myth,https://beezz-zart.ca/flash-quote.html?style=all&part=all&flash=Website+Images%2FFlashes%2FAll+Body+parts+Flashes%2FAll+Head+Flashes+%2FAll+Head+Flashes+10.webp,,,,,,,,,,,,,,,Tattoo flash,Iron Myth,,,,,,,,,,,,,,Mariia - Beezz_zart,Session length varies,,,,Personalized service
beezz-flash-5804b3ad00f8,https://beezz-zart.ca/Website%20Images/Flashes/All%20Body%20parts%20Flashes/All%20Head%20Flashes%20/All%20Head%20Flashes%2011.webp?v=132,Beezz_zart,"Obsidian Inkwell blackwork flash, tattooed once, Beezz_zart. Request this design via the link.",Obsidian Inkwell,https://beezz-zart.ca/flash-quote.html?style=all&part=all&flash=Website+Images%2FFlashes%2FAll+Body+parts+Flashes%2FAll+Head+Flashes+%2FAll+Head+Flashes+11.webp,,,,,,,,,,,,,,,Tattoo flash,Obsidian Inkwell,,,,,,,,,,,,,,Mariia - Beezz_zart,Session length varies,,,,Personalized service
beezz-flash-442c138eec6d,https://beezz-zart.ca/Website%20Images/Flashes/All%20Body%20parts%20Flashes/All%20Head%20Flashes%20/All%20Head%20Flashes%2012.webp?v=132,Beezz_zart,"Vapor Fang blackwork flash, tattooed once, Beezz_zart. Request this design via the link.",Vapor Fang,https://beezz-zart.ca/flash-quote.html?style=all&part=all&flash=Website+Images%2FFlashes%2FAll+Body+parts+Flashes%2FAll+Head+Flashes+%2FAll+Head+Flashes+12.webp,,,,,,,,,,,,,,,Tattoo flash,Vapor Fang,,,,,,,,,,,,,,Mariia - Beezz_zart,Session length varies,,,,Personalized service
beezz-flash-1c3945835cd0,https://beezz-zart.ca/Website%20Images/Flashes/All%20Body%20parts%20Flashes/All%20Head%20Flashes%20/All%20Head%20Flashes%2013.webp?v=132,Beezz_zart,"Bitter Wound blackwork flash, tattooed once, Beezz_zart. Request this design via the link.",Bitter Wound,https://beezz-zart.ca/flash-quote.html?style=all&part=all&flash=Website+Images%2FFlashes%2FAll+Body+parts+Flashes%2FAll+Head+Flashes+%2FAll+Head+Flashes+13.webp,,,,,,,,,,,,,,,Tattoo flash,Bitter Wound,,,,,,,,,,,,,,Mariia - Beezz_zart,Session length varies,,,,Personalized service
beezz-flash-b34638ec91b5,https://beezz-zart.ca/Website%20Images/Flashes/Flashes-Ear-1.webp?v=132,Beezz_zart,"Hollow Orb blackwork flash, tattooed once, Beezz_zart. Request this design via the link.",Hollow Orb,https://beezz-zart.ca/flash-quote.html?style=all&part=all&flash=Website+Images%2FFlashes%2FFlashes-Ear-1.webp,,,,,,,,,,,,,,,Tattoo flash,Hollow Orb,,,,,,,,,,,,,,Mariia - Beezz_zart,Session length varies,,,,Personalized service
beezz-flash-d2d04b97f4a0,https://beezz-zart.ca/Website%20Images/Flashes/Flashes-Ear-2.webp?v=132,Beezz_zart,"Arc Glyph blackwork flash, tattooed once, Beezz_zart. Request this design via the link.",Arc Glyph,https://beezz-zart.ca/flash-quote.html?style=all&part=all&flash=Website+Images%2FFlashes%2FFlashes-Ear-2.webp,,,,,,,,,,,,,,,Tattoo flash,Arc Glyph,,,,,,,,,,,,,,Mariia - Beezz_zart,Session length varies,,,,Personalized service
beezz-flash-b4d6116f1977,https://beezz-zart.ca/Website%20Images/Flashes/Flashes-Ear-3.webp?v=132,Beezz_zart,"Grim Spine blackwork flash, tattooed once, Beezz_zart. Request this design via the link.",Grim Spine,https://beezz-zart.ca/flash-quote.html?style=all&part=all&flash=Website+Images%2FFlashes%2FFlashes-Ear-3.webp,,,,,,,,,,,,,,,Tattoo flash,Grim Spine,,,,,,,,,,,,,,Mariia - Beezz_zart,Session length varies,,,,Personalized service
beezz-flash-a29c09091bd5,https://beezz-zart.ca/Website%20Images/Flashes/Flashes-Ear-4.webp?v=132,Beezz_zart,"Marrow Dune blackwork flash, tattooed once, Beezz_zart. Request this design via the link.",Marrow Dune,https://beezz-zart.ca/flash-quote.html?style=all&part=all&flash=Website+Images%2FFlashes%2FFlashes-Ear-4.webp,,,,,,,,,,,,,,,Tattoo flash,Marrow Dune,,,,,,,,,,,,,,Mariia - Beezz_zart,Session length varies,,,,Personalized service
beezz-flash-3db5be3ec359,https://beezz-zart.ca/Website%20Images/Flashes/Flashes-Ear-5.webp?v=132,Beezz_zart,"Static Mark blackwork flash, tattooed once, Beezz_zart. Request this design via the link.",Static Mark,https://beezz-zart.ca/flash-quote.html?style=all&part=all&flash=Website+Images%2FFlashes%2FFlashes-Ear-5.webp,,,,,,,,,,,,,,,Tattoo flash,Static Mark,,,,,,,,,,,,,,Mariia - Beezz_zart,Session length varies,,,,Personalized service
beezz-flash-0ca614ba6c6b,https://beezz-zart.ca/Website%20Images/Flashes/Flashes-Face-1.webp?v=132,Beezz_zart,"Rift Lance blackwork flash, tattooed once, Beezz_zart. Request this design via the link.",Rift Lance,https://beezz-zart.ca/flash-quote.html?style=all&part=all&flash=Website+Images%2FFlashes%2FFlashes-Face-1.webp,,,,,,,,,,,,,,,Tattoo flash,Rift Lance,,,,,,,,,,,,,,Mariia - Beezz_zart,Session length varies,,,,Personalized service
beezz-flash-e351805de2a6,https://beezz-zart.ca/Website%20Images/Flashes/Flashes-Face-2.webp?v=132,Beezz_zart,"Wilt Shard blackwork flash, tattooed once, Beezz_zart. Request this design via the link.",Wilt Shard,https://beezz-zart.ca/flash-quote.html?style=all&part=all&flash=Website+Images%2FFlashes%2FFlashes-Face-2.webp,,,,,,,,,,,,,,,Tattoo flash,Wilt Shard,,,,,,,,,,,,,,Mariia - Beezz_zart,Session length varies,,,,Personalized service
beezz-flash-6880015481f6,https://beezz-zart.ca/Website%20Images/Flashes/Flashes-Face-3.webp?v=132,Beezz_zart,"Lunar Vault blackwork flash, tattooed once, Beezz_zart. Request this design via the link.",Lunar Vault,https://beezz-zart.ca/flash-quote.html?style=all&part=all&flash=Website+Images%2FFlashes%2FFlashes-Face-3.webp,,,,,,,,,,,,,,,Tattoo flash,Lunar Vault,,,,,,,,,,,,,,Mariia - Beezz_zart,Session length varies,,,,Personalized service
beezz-flash-22f6a5058a2a,https://beezz-zart.ca/Website%20Images/Flashes/Flashes-Face-4.webp?v=132,Beezz_zart,"Ruin Comet blackwork flash, tattooed once, Beezz_zart. Request this design via the link.",Ruin Comet,https://beezz-zart.ca/flash-quote.html?style=all&part=all&flash=Website+Images%2FFlashes%2FFlashes-Face-4.webp,,,,,,,,,,,,,,,Tattoo flash,Ruin Comet,,,,,,,,,,,,,,Mariia - Beezz_zart,Session length varies,,,,Personalized service
beezz-flash-e5ce5eaee282,https://beezz-zart.ca/Website%20Images/Flashes/Flashes-Face-5.webp?v=132,Beezz_zart,"Drift Rift blackwork flash, tattooed once, Beezz_zart. Request this design via the link.",Drift Rift,https://beezz-zart.ca/flash-quote.html?style=all&part=all&flash=Website+Images%2FFlashes%2FFlashes-Face-5.webp,,,,,,,,,,,,,,,Tattoo flash,Drift Rift,,,,,,,,,,,,,,Mariia - Beezz_zart,Session length varies,,,,Personalized service
beezz-flash-f0928f91deb8,https://beezz-zart.ca/Website%20Images/Flashes/Flashes-Neck-1.webp?v=132,Beezz_zart,"Wraith Orb blackwork flash, tattooed once, Beezz_zart. Request this design via the link.",Wraith Orb,https://beezz-zart.ca/flash-quote.html?style=all&part=all&flash=Website+Images%2FFlashes%2FFlashes-Neck-1.webp,,,,,,,,,,,,,,,Tattoo flash,Wraith Orb,,,,,,,,,,,,,,Mariia - Beezz_zart,Session length varies,,,,Personalized service
beezz-flash-61898b966f65,https://beezz-zart.ca/Website%20Images/Flashes/Flashes-Neck-2.webp?v=132,Beezz_zart,"Coil Ripple blackwork flash, tattooed once, Beezz_zart. Request this design via the link.",Coil Ripple,https://beezz-zart.ca/flash-quote.html?style=all&part=all&flash=Website+Images%2FFlashes%2FFlashes-Neck-2.webp,,,,,,,,,,,,,,,Tattoo flash,Coil Ripple,,,,,,,,,,,,,,Mariia - Beezz_zart,Session length varies,,,,Personalized service
beezz-abstract,https://beezz-zart.ca/Website%20Images/Flashes/Flashes-Smaller-Abstract-Main.webp?v=132,Beezz_zart,"Abstract blackwork flash, tattooed once, Beezz_zart. Request this design via the link.",Abstract,https://beezz-zart.ca/flash-quote.html?style=all&part=all&flash=Website+Images%2FFlashes%2FFlashes-Smaller-Abstract-Main.webp,,,,,,,,,,,,,,,Tattoo flash,Abstract,,,,,,,,,,,,,,Mariia - Beezz_zart,Session length varies,,,,Personalized service
beezz-dark-flower,https://beezz-zart.ca/Website%20Images/Flashes/Flashes-Smaller-DarkFlower-Main.webp?v=132,Beezz_zart,"Dark Flower blackwork flash, tattooed once, Beezz_zart. Request this design via the link.",Dark Flower,https://beezz-zart.ca/flash-quote.html?style=all&part=all&flash=Website+Images%2FFlashes%2FFlashes-Smaller-DarkFlower-Main.webp,,,,,,,,,,,,,,,Tattoo flash,Dark Flower,,,,,,,,,,,,,,Mariia - Beezz_zart,Session length varies,,,,Personalized service
beezz-magic-flower,https://beezz-zart.ca/Website%20Images/Flashes/Flashes-Smaller-MagicFlower-Main.webp?v=132,Beezz_zart,"Magic Flower blackwork flash, tattooed once, Beezz_zart. Request this design via the link.",Magic Flower,https://beezz-zart.ca/flash-quote.html?style=all&part=all&flash=Website+Images%2FFlashes%2FFlashes-Smaller-MagicFlower-Main.webp,,,,,,,,,,,,,,,Tattoo flash,Magic Flower,,,,,,,,,,,,,,Mariia - Beezz_zart,Session length varies,,,,Personalized service
beezz-mushroom,https://beezz-zart.ca/Website%20Images/Flashes/Flashes-Smaller-Mushroom-Main.webp?v=132,Beezz_zart,"Mushroom blackwork flash, tattooed once, Beezz_zart. Request this design via the link.",Mushroom,https://beezz-zart.ca/flash-quote.html?style=all&part=all&flash=Website+Images%2FFlashes%2FFlashes-Smaller-Mushroom-Main.webp,,,,,,,,,,,,,,,Tattoo flash,Mushroom,,,,,,,,,,,,,,Mariia - Beezz_zart,Session length varies,,,,Personalized service
beezz-star,https://beezz-zart.ca/Website%20Images/Flashes/Flashes-Smaller-Star-Main.webp?v=132,Beezz_zart,"Star blackwork flash, tattooed once, Beezz_zart. Request this design via the link.",Star,https://beezz-zart.ca/flash-quote.html?style=all&part=all&flash=Website+Images%2FFlashes%2FFlashes-Smaller-Star-Main.webp,,,,,,,,,,,,,,,Tattoo flash,Star,,,,,,,,,,,,,,Mariia - Beezz_zart,Session length varies,,,,Personalized service
beezz-thorns,https://beezz-zart.ca/Website%20Images/Flashes/Flashes-Smaller-Thorns-Main.webp?v=132,Beezz_zart,"Thorns blackwork flash, tattooed once, Beezz_zart. Request this design via the link.",Thorns,https://beezz-zart.ca/flash-quote.html?style=all&part=all&flash=Website+Images%2FFlashes%2FFlashes-Smaller-Thorns-Main.webp,,,,,,,,,,,,,,,Tattoo flash,Thorns,,,,,,,,,,,,,,Mariia - Beezz_zart,Session length varies,,,,Personalized service
beezz-underground-flower,https://beezz-zart.ca/Website%20Images/Flashes/Flashes-Smaller-UndergroundFlower-Main.webp?v=132,Beezz_zart,"Underground Flower blackwork flash, tattooed once, Beezz_zart. Request this design via the link.",Underground Flower,https://beezz-zart.ca/flash-quote.html?style=all&part=all&flash=Website+Images%2FFlashes%2FFlashes-Smaller-UndergroundFlower-Main.webp,,,,,,,,,,,,,,,Tattoo flash,Underground Flower,,,,,,,,,,,,,,Mariia - Beezz_zart,Session length varies,,,,Personalized service
beezz-flash-88ae9074ce3b,https://beezz-zart.ca/Website%20Images/Flashes/Flashes-Smaller-Flow-Branch.webp?v=132,Beezz_zart,"Halo Knot blackwork flash, tattooed once, Beezz_zart. Request this design via the link.",Halo Knot,https://beezz-zart.ca/flash-quote.html?style=all&part=all&flash=Website+Images%2FFlashes%2FFlashes-Smaller-Flow-Branch.webp,,,,,,,,,,,,,,,Tattoo flash,Halo Knot,,,,,,,,,,,,,,Mariia - Beezz_zart,Session length varies,,,,Personalized service
beezz-flash-21484e9384b3,https://beezz-zart.ca/Website%20Images/Flashes/Flashes-Smaller-Flow-Heart.webp?v=132,Beezz_zart,"Pale Gorge blackwork flash, tattooed once, Beezz_zart. Request this design via the link.",Pale Gorge,https://beezz-zart.ca/flash-quote.html?style=all&part=all&flash=Website+Images%2FFlashes%2FFlashes-Smaller-Flow-Heart.webp,,,,,,,,,,,,,,,Tattoo flash,Pale Gorge,,,,,,,,,,,,,,Mariia - Beezz_zart,Session length varies,,,,Personalized service
beezz-flash-3e3296e4748d,https://beezz-zart.ca/Website%20Images/Flashes/Flashes-Smaller-Flow-Star.webp?v=132,Beezz_zart,"Woven Bolt blackwork flash, tattooed once, Beezz_zart. Request this design via the link.",Woven Bolt,https://beezz-zart.ca/flash-quote.html?style=all&part=all&flash=Website+Images%2FFlashes%2FFlashes-Smaller-Flow-Star.webp,,,,,,,,,,,,,,,Tattoo flash,Woven Bolt,,,,,,,,,,,,,,Mariia - Beezz_zart,Session length varies,,,,Personalized service
beezz-flash-011569664b5e,https://beezz-zart.ca/Website%20Images/Flashes/Flashes-Back-5.webp?v=132,Beezz_zart,"Grim Veil blackwork flash, tattooed once, Beezz_zart. Request this design via the link.",Grim Veil,https://beezz-zart.ca/flash-quote.html?style=all&part=all&flash=Website+Images%2FFlashes%2FFlashes-Back-5.webp,,,,,,,,,,,,,,,Tattoo flash,Grim Veil,,,,,,,,,,,,,,Mariia - Beezz_zart,Session length varies,,,,Personalized service
